Date,inflow
1990-01-01,19.704
1990-01-02,14.97
1990-01-03,15.203
1990-01-04,42.987
1990-01-05,43.546
1990-01-06,47.94
1990-01-07,0.0
1990-01-08,129.525
1990-01-09,51.751
1990-01-10,0.0
1990-01-11,82.208
1990-01-12,32.275
1990-01-13,0.0
1990-01-14,75.77
1990-01-15,284.661
1990-01-16,247.299
1990-01-17,119.069
1990-01-18,245.466
1990-01-19,195.18
1990-01-20,173.071
1990-01-21,157.829
1990-01-22,59.807
1990-01-23,123.365
1990-01-24,25.557
1990-01-25,16.897
1990-01-26,10.933
1990-01-27,18.557
1990-01-28,14.447
1990-01-29,14.057
1990-01-30,7.453
1990-01-31,33.298
1990-02-01,0.0
1990-02-02,363.908
1990-02-03,51.485
1990-02-04,0.0
1990-02-05,102.356
1990-02-06,2.245
1990-02-07,9.983
1990-02-08,0.0
1990-02-09,7.535
1990-02-10,30.02
1990-02-11,30.567
1990-02-12,27.232
1990-02-13,0.0
1990-02-14,107.892
1990-02-15,11.642
1990-02-16,4.527
1990-02-17,4.436
1990-02-18,0.0
1990-02-19,0.0
1990-02-20,0.0
1990-02-21,122.481
1990-02-22,27.189
1990-02-23,0.0
1990-02-24,0.0
1990-02-25,48.122
1990-02-26,39.107
1990-02-27,28.093
1990-02-28,0.0
1990-03-01,0.0
1990-03-02,0.0
1990-03-03,0.0
1990-03-04,0.0
1990-03-05,4.706
1990-03-06,11.92
1990-03-07,23.685
1990-03-08,21.762
1990-03-09,14.105
1990-03-10,108.686
1990-03-11,21.279
1990-03-12,10.016
1990-03-13,104.136
1990-03-14,0.0
1990-03-15,0.0
1990-03-16,0.0
1990-03-17,0.0
1990-03-18,0.0
1990-03-19,81.293
1990-03-20,15.538
1990-03-21,0.0
1990-03-22,98.041
1990-03-23,0.0
1990-03-24,0.0
1990-03-25,221.757
1990-03-26,106.381
1990-03-27,220.756
1990-03-28,107.401
1990-03-29,85.874
1990-03-30,160.064
1990-03-31,75.603
1990-04-01,12.575
1990-04-02,15.723
1990-04-03,16.712
1990-04-04,18.9
1990-04-05,21.081
1990-04-06,21.021
1990-04-07,62.301
1990-04-08,18.947
1990-04-09,65.263
1990-04-10,117.886
1990-04-11,72.308
1990-04-12,98.871
1990-04-13,168.694
1990-04-14,81.534
1990-04-15,159.424
1990-04-16,52.925
1990-04-17,86.735
1990-04-18,36.278
1990-04-19,32.155
1990-04-20,28.681
1990-04-21,327.181
1990-04-22,679.821
1990-04-23,1600.983
1990-04-24,2263.781
1990-04-25,1867.213
1990-04-26,1012.36
1990-04-27,621.306
1990-04-28,393.794
1990-04-29,260.251
1990-04-30,262.282
1990-05-01,133.081
1990-05-02,102.054
1990-05-03,80.969
1990-05-04,190.608
1990-05-05,57.548
1990-05-06,46.931
1990-05-07,40.162
1990-05-08,34.232
1990-05-09,30.396
1990-05-10,26.654
1990-05-11,24.006
1990-05-12,26.122
1990-05-13,22.87
1990-05-14,17.665
1990-05-15,15.253
1990-05-16,12.799
1990-05-17,90.922
1990-05-18,39.484
1990-05-19,21.94
1990-05-20,13.868
1990-05-21,17.468
1990-05-22,135.971
1990-05-23,2398.698
1990-05-24,1947.189
1990-05-25,3454.709
1990-05-26,3952.953
1990-05-27,2991.133
1990-05-28,3788.934
1990-05-29,3358.967
1990-05-30,4374.957
1990-05-31,3423.47
1990-06-01,2094.148
1990-06-02,1106.818
1990-06-03,744.054
1990-06-04,439.075
1990-06-05,306.653
1990-06-06,292.952
1990-06-07,292.256
1990-06-08,516.423
1990-06-09,361.612
1990-06-10,876.46
1990-06-11,837.026
1990-06-12,584.208
1990-06-13,537.488
1990-06-14,351.253
1990-06-15,314.866
1990-06-16,273.83
1990-06-17,181.269
1990-06-18,297.608
1990-06-19,144.335
1990-06-20,223.642
1990-06-21,126.083
1990-06-22,118.195
1990-06-23,110.646
1990-06-24,103.814
1990-06-25,346.552
1990-06-26,93.696
1990-06-27,89.559
1990-06-28,86.591
1990-06-29,84.3
1990-06-30,192.211
1990-07-01,0.0
1990-07-02,0.0
1990-07-03,0.0
1990-07-04,0.0
1990-07-05,0.0
1990-07-06,14.874
1990-07-07,0.0
1990-07-08,0.0
1990-07-09,0.0
1990-07-10,0.0
1990-07-11,0.0
1990-07-12,0.0
1990-07-13,0.0
1990-07-14,0.0
1990-07-15,22.693
1990-07-16,0.0
1990-07-17,0.0
1990-07-18,0.0
1990-07-19,0.0
1990-07-20,0.0
1990-07-21,0.0
1990-07-22,0.0
1990-07-23,0.0
1990-07-24,22.384
1990-07-25,0.0
1990-07-26,0.0
1990-07-27,0.0
1990-07-28,0.0
1990-07-29,0.0
1990-07-30,304.446
1990-07-31,0.0
1990-08-01,0.0
1990-08-02,78.569
1990-08-03,0.0
1990-08-04,0.0
1990-08-05,14.246
1990-08-06,0.0
1990-08-07,0.0
1990-08-08,0.0
1990-08-09,0.0
1990-08-10,0.0
1990-08-11,0.0
1990-08-12,0.0
1990-08-13,0.0
1990-08-14,0.0
1990-08-15,0.0
1990-08-16,0.0
1990-08-17,0.0
1990-08-18,0.0
1990-08-19,0.0
1990-08-20,0.0
1990-08-21,0.0
1990-08-22,0.0
1990-08-23,0.0
1990-08-24,0.0
1990-08-25,0.0
1990-08-26,0.0
1990-08-27,0.0
1990-08-28,0.0
1990-08-29,0.0
1990-08-30,0.0
1990-08-31,0.0
1990-09-01,0.0
1990-09-02,0.0
1990-09-03,0.0
1990-09-04,0.0
1990-09-05,0.0
1990-09-06,0.0
1990-09-07,92.784
1990-09-08,160.197
1990-09-09,0.0
1990-09-10,118.663
1990-09-11,152.291
1990-09-12,0.0
1990-09-13,107.239
1990-09-14,0.0
1990-09-15,125.459
1990-09-16,163.008
1990-09-17,162.804
1990-09-18,0.0
1990-09-19,107.859
1990-09-20,0.0
1990-09-21,109.539
1990-09-22,0.0
1990-09-23,104.656
1990-09-24,0.0
1990-09-25,0.0
1990-09-26,0.0
1990-09-27,78.016
1990-09-28,0.0
1990-09-29,0.0
1990-09-30,100.643
1990-10-01,7.107
1990-10-02,0.0
1990-10-03,158.278
1990-10-04,0.0
1990-10-05,0.0
1990-10-06,169.6
1990-10-07,200.794
1990-10-08,0.0
1990-10-09,62.041
1990-10-10,55.037
1990-10-11,5.034
1990-10-12,169.574
1990-10-13,15.381
1990-10-14,0.0
1990-10-15,15.268
1990-10-16,144.119
1990-10-17,17.236
1990-10-18,121.312
1990-10-19,0.0
1990-10-20,0.0
1990-10-21,0.0
1990-10-22,0.0
1990-10-23,0.0
1990-10-24,0.0
1990-10-25,27.196
1990-10-26,30.755
1990-10-27,42.989
1990-10-28,45.122
1990-10-29,31.513
1990-10-30,46.063
1990-10-31,75.566
1990-11-01,80.935
1990-11-02,94.869
1990-11-03,93.735
1990-11-04,0.0
1990-11-05,0.0
1990-11-06,29.575
1990-11-07,67.766
1990-11-08,0.0
1990-11-09,20.269
1990-11-10,37.195
1990-11-11,65.916
1990-11-12,66.479
1990-11-13,53.93
1990-11-14,73.136
1990-11-15,75.435
1990-11-16,76.785
1990-11-17,80.172
1990-11-18,78.933
1990-11-19,0.0
1990-11-20,0.0
1990-11-21,51.609
1990-11-22,72.501
1990-11-23,91.466
1990-11-24,0.0
1990-11-25,68.293
1990-11-26,3.248
1990-11-27,94.109
1990-11-28,39.181
1990-11-29,0.0
1990-11-30,4.135
1990-12-01,39.118
1990-12-02,25.103
1990-12-03,0.0
1990-12-04,0.0
1990-12-05,0.0
1990-12-06,0.0
1990-12-07,0.0
1990-12-08,3.05
1990-12-09,19.045
1990-12-10,99.62
1990-12-11,22.036
1990-12-12,0.0
1990-12-13,48.029
1990-12-14,3.027
1990-12-15,24.024
1990-12-16,14.022
1990-12-17,37.02
1990-12-18,0.0
1990-12-19,0.0
1990-12-20,30.016
1990-12-21,16.014
1990-12-22,0.013
1990-12-23,0.0
1990-12-24,0.0
1990-12-25,0.0
1990-12-26,0.0
1990-12-27,0.0
1990-12-28,2.428
1990-12-29,5.925
1990-12-30,7.641
1990-12-31,10.17
1991-01-01,11.571
1991-01-02,12.733
1991-01-03,14.768
1991-01-04,14.827
1991-01-05,15.637
1991-01-06,16.955
1991-01-07,18.639
1991-01-08,19.508
1991-01-09,22.717
1991-01-10,24.8
1991-01-11,26.132
1991-01-12,26.537
1991-01-13,19.423
1991-01-14,11.101
1991-01-15,5.894
1991-01-16,2.591
1991-01-17,0.428
1991-01-18,0.0
1991-01-19,0.0
1991-01-20,0.0
1991-01-21,0.0
1991-01-22,2.541
1991-01-23,3.612
1991-01-24,11.515
1991-01-25,17.32
1991-01-26,21.273
1991-01-27,58.688
1991-01-28,176.843
1991-01-29,244.878
1991-01-30,305.717
1991-01-31,201.957
1991-02-01,147.267
1991-02-02,134.724
1991-02-03,111.073
1991-02-04,53.883
1991-02-05,59.151
1991-02-06,107.354
1991-02-07,200.606
1991-02-08,162.982
1991-02-09,628.753
1991-02-10,2487.262
1991-02-11,4416.976
1991-02-12,3611.029
1991-02-13,2164.807
1991-02-14,1345.569
1991-02-15,739.037
1991-02-16,451.776
1991-02-17,430.56
1991-02-18,207.765
1991-02-19,153.048
1991-02-20,116.141
1991-02-21,90.326
1991-02-22,108.135
1991-02-23,129.76
1991-02-24,128.329
1991-02-25,38.29
1991-02-26,30.944
1991-02-27,25.731
1991-02-28,147.458
1991-03-01,13.01
1991-03-02,164.146
1991-03-03,6.0
1991-03-04,3.626
1991-03-05,1.585
1991-03-06,23.868
1991-03-07,202.805
1991-03-08,45.267
1991-03-09,28.887
1991-03-10,7.205
1991-03-11,30.278
1991-03-12,42.712
1991-03-13,518.563
1991-03-14,40.873
1991-03-15,4.566
1991-03-16,100.166
1991-03-17,139.093
1991-03-18,0.0
1991-03-19,0.0
1991-03-20,0.0
1991-03-21,0.0
1991-03-22,0.0
1991-03-23,0.0
1991-03-24,0.0
1991-03-25,94.596
1991-03-26,12.593
1991-03-27,0.0
1991-03-28,0.0
1991-03-29,157.575
1991-03-30,7.286
1991-03-31,141.411
1991-04-01,0.0
1991-04-02,0.0
1991-04-03,0.0
1991-04-04,0.0
1991-04-05,0.0
1991-04-06,0.0
1991-04-07,0.0
1991-04-08,84.301
1991-04-09,99.045
1991-04-10,0.0
1991-04-11,0.0
1991-04-12,0.0
1991-04-13,0.0
1991-04-14,0.0
1991-04-15,0.0
1991-04-16,94.232
1991-04-17,0.0
1991-04-18,108.321
1991-04-19,0.0
1991-04-20,0.0
1991-04-21,0.0
1991-04-22,0.0
1991-04-23,0.0
1991-04-24,0.0
1991-04-25,111.012
1991-04-26,0.0
1991-04-27,0.0
1991-04-28,96.804
1991-04-29,0.0
1991-04-30,0.0
1991-05-01,0.0
1991-05-02,93.001
1991-05-03,107.179
1991-05-04,0.0
1991-05-05,0.0
1991-05-06,62.026
1991-05-07,0.0
1991-05-08,0.0
1991-05-09,89.201
1991-05-10,90.145
1991-05-11,0.0
1991-05-12,97.705
1991-05-13,0.0
1991-05-14,0.0
1991-05-15,0.0
1991-05-16,0.0
1991-05-17,0.0
1991-05-18,0.0
1991-05-19,0.0
1991-05-20,0.0
1991-05-21,0.0
1991-05-22,0.0
1991-05-23,0.0
1991-05-24,0.0
1991-05-25,0.0
1991-05-26,0.0
1991-05-27,0.0
1991-05-28,0.0
1991-05-29,91.472
1991-05-30,28.473
1991-05-31,27.303
1991-06-01,0.0
1991-06-02,0.0
1991-06-03,7.555
1991-06-04,21.372
1991-06-05,20.906
1991-06-06,0.0
1991-06-07,0.0
1991-06-08,23.988
1991-06-09,36.803
1991-06-10,0.661
1991-06-11,1.051
1991-06-12,1.585
1991-06-13,10.514
1991-06-14,1.418
1991-06-15,1.352
1991-06-16,1.054
1991-06-17,35.597
1991-06-18,50.514
1991-06-19,33.973
1991-06-20,0.0
1991-06-21,91.02
1991-06-22,36.253
1991-06-23,0.0
1991-06-24,0.0
1991-06-25,0.0
1991-06-26,0.0
1991-06-27,0.0
1991-06-28,0.0
1991-06-29,0.0
1991-06-30,2.425
1991-07-01,0.0
1991-07-02,0.0
1991-07-03,0.0
1991-07-04,0.0
1991-07-05,0.0
1991-07-06,0.0
1991-07-07,0.0
1991-07-08,0.0
1991-07-09,0.0
1991-07-10,0.0
1991-07-11,0.0
1991-07-12,0.0
1991-07-13,0.0
1991-07-14,0.0
1991-07-15,0.0
1991-07-16,0.0
1991-07-17,0.0
1991-07-18,0.0
1991-07-19,0.0
1991-07-20,0.0
1991-07-21,0.0
1991-07-22,0.0
1991-07-23,0.0
1991-07-24,0.0
1991-07-25,0.0
1991-07-26,0.0
1991-07-27,0.0
1991-07-28,0.0
1991-07-29,0.0
1991-07-30,0.0
1991-07-31,0.0
1991-08-01,0.0
1991-08-02,0.0
1991-08-03,0.0
1991-08-04,0.0
1991-08-05,0.0
1991-08-06,0.0
1991-08-07,0.0
1991-08-08,0.0
1991-08-09,0.0
1991-08-10,0.0
1991-08-11,0.0
1991-08-12,0.0
1991-08-13,0.0
1991-08-14,0.0
1991-08-15,0.0
1991-08-16,0.0
1991-08-17,0.0
1991-08-18,0.0
1991-08-19,0.0
1991-08-20,0.0
1991-08-21,0.0
1991-08-22,0.0
1991-08-23,0.0
1991-08-24,25.441
1991-08-25,0.0
1991-08-26,0.0
1991-08-27,0.0
1991-08-28,0.0
1991-08-29,0.0
1991-08-30,15.774
1991-08-31,96.765
1991-09-01,57.019
1991-09-02,43.017
1991-09-03,43.016
1991-09-04,43.015
1991-09-05,107.158
1991-09-06,57.012
1991-09-07,59.012
1991-09-08,109.046
1991-09-09,30.01
1991-09-10,0.0
1991-09-11,86.354
1991-09-12,35.008
1991-09-13,0.0
1991-09-14,0.0
1991-09-15,0.0
1991-09-16,60.006
1991-09-17,40.006
1991-09-18,92.969
1991-09-19,37.005
1991-09-20,0.0
1991-09-21,44.004
1991-09-22,63.004
1991-09-23,77.84
1991-09-24,80.676
1991-09-25,0.0
1991-09-26,40.003
1991-09-27,47.003
1991-09-28,0.0
1991-09-29,0.0
1991-09-30,0.0
1991-10-01,0.0
1991-10-02,0.0
1991-10-03,47.002
1991-10-04,49.002
1991-10-05,0.0
1991-10-06,46.002
1991-10-07,0.0
1991-10-08,0.0
1991-10-09,26.002
1991-10-10,0.0
1991-10-11,0.0
1991-10-12,0.0
1991-10-13,23.001
1991-10-14,0.0
1991-10-15,0.0
1991-10-16,0.0
1991-10-17,0.0
1991-10-18,0.0
1991-10-19,0.0
1991-10-20,88.237
1991-10-21,47.001
1991-10-22,53.001
1991-10-23,50.001
1991-10-24,122.274
1991-10-25,0.0
1991-10-26,315.001
1991-10-27,91.073
1991-10-28,0.0
1991-10-29,77.837
1991-10-30,0.0
1991-10-31,38.001
1991-11-01,127.946
1991-11-02,115.655
1991-11-03,134.564
1991-11-04,70.001
1991-11-05,138.346
1991-11-06,61.0
1991-11-07,0.0
1991-11-08,123.219
1991-11-09,0.0
1991-11-10,0.0
1991-11-11,54.0
1991-11-12,5.0
1991-11-13,56.0
1991-11-14,24.0
1991-11-15,25.0
1991-11-16,24.0
1991-11-17,54.0
1991-11-18,0.0
1991-11-19,42.0
1991-11-20,20.0
1991-11-21,0.0
1991-11-22,165.764
1991-11-23,0.0
1991-11-24,0.0
1991-11-25,0.0
1991-11-26,0.0
1991-11-27,24.0
1991-11-28,10.0
1991-11-29,0.0
1991-11-30,33.0
1991-12-01,98.637
1991-12-02,277.327
1991-12-03,31.0
1991-12-04,37.558
1991-12-05,77.637
1991-12-06,86.736
1991-12-07,0.0
1991-12-08,3220.275
1991-12-09,1362.569
1991-12-10,1461.462
1991-12-11,707.856
1991-12-12,1370.716
1991-12-13,1574.545
1991-12-14,761.754
1991-12-15,582.631
1991-12-16,552.672
1991-12-17,226.11
1991-12-18,111.816
1991-12-19,66.801
1991-12-20,70.141
1991-12-21,22.461
1991-12-22,475.858
1991-12-23,286.281
1991-12-24,210.379
1991-12-25,78.659
1991-12-26,64.647
1991-12-27,31.71
1991-12-28,19.206
1991-12-29,10.847
1991-12-30,7.735
1991-12-31,27.489
1992-01-01,719.494
1992-01-02,712.65
1992-01-03,363.204
1992-01-04,225.007
1992-01-05,205.396
1992-01-06,81.507
1992-01-07,52.777
1992-01-08,32.857
1992-01-09,99.273
1992-01-10,245.716
1992-01-11,289.408
1992-01-12,229.658
1992-01-13,169.356
1992-01-14,80.721
1992-01-15,55.931
1992-01-16,67.374
1992-01-17,137.272
1992-01-18,30.069
1992-01-19,60.766
1992-01-20,6.178
1992-01-21,91.95
1992-01-22,0.651
1992-01-23,0.0
1992-01-24,45.067
1992-01-25,0.0
1992-01-26,0.0
1992-01-27,165.194
1992-01-28,1.105
1992-01-29,119.327
1992-01-30,37.716
1992-01-31,36.584
1992-02-01,98.65
1992-02-02,0.0
1992-02-03,0.0
1992-02-04,0.0
1992-02-05,0.0
1992-02-06,0.0
1992-02-07,1.661
1992-02-08,3.67
1992-02-09,6.531
1992-02-10,136.387
1992-02-11,58.345
1992-02-12,328.511
1992-02-13,762.716
1992-02-14,908.775
1992-02-15,660.577
1992-02-16,493.45
1992-02-17,417.961
1992-02-18,370.149
1992-02-19,307.794
1992-02-20,239.757
1992-02-21,1612.788
1992-02-22,1283.35
1992-02-23,946.195
1992-02-24,567.353
1992-02-25,432.518
1992-02-26,933.545
1992-02-27,978.741
1992-02-28,2005.532
1992-02-29,1541.272
1992-03-01,848.725
1992-03-02,568.57
1992-03-03,321.863
1992-03-04,296.916
1992-03-05,240.394
1992-03-06,163.804
1992-03-07,170.369
1992-03-08,109.57
1992-03-09,102.585
1992-03-10,57.704
1992-03-11,48.956
1992-03-12,79.837
1992-03-13,76.709
1992-03-14,28.86
1992-03-15,92.356
1992-03-16,2315.548
1992-03-17,2390.274
1992-03-18,4813.902
1992-03-19,4005.402
1992-03-20,2490.876
1992-03-21,1263.344
1992-03-22,681.689
1992-03-23,396.272
1992-03-24,371.539
1992-03-25,340.676
1992-03-26,358.365
1992-03-27,314.258
1992-03-28,274.221
1992-03-29,231.77
1992-03-30,225.368
1992-03-31,138.354
1992-04-01,159.469
1992-04-02,72.958
1992-04-03,71.112
1992-04-04,42.885
1992-04-05,36.493
1992-04-06,32.21
1992-04-07,59.476
1992-04-08,58.707
1992-04-09,54.62
1992-04-10,57.828
1992-04-11,25.078
1992-04-12,39.515
1992-04-13,20.458
1992-04-14,38.312
1992-04-15,57.544
1992-04-16,14.998
1992-04-17,56.487
1992-04-18,55.428
1992-04-19,7.994
1992-04-20,33.615
1992-04-21,6.042
1992-04-22,32.945
1992-04-23,55.163
1992-04-24,54.325
1992-04-25,52.7
1992-04-26,148.586
1992-04-27,3.141
1992-04-28,45.877
1992-04-29,46.136
1992-04-30,11.108
1992-05-01,13.186
1992-05-02,13.964
1992-05-03,17.841
1992-05-04,19.478
1992-05-05,19.914
1992-05-06,21.197
1992-05-07,12.864
1992-05-08,11.495
1992-05-09,16.604
1992-05-10,7.699
1992-05-11,7.643
1992-05-12,9.572
1992-05-13,11.551
1992-05-14,22.128
1992-05-15,19.876
1992-05-16,16.456
1992-05-17,157.994
1992-05-18,26.249
1992-05-19,95.777
1992-05-20,101.03
1992-05-21,93.554
1992-05-22,67.829
1992-05-23,73.201
1992-05-24,196.233
1992-05-25,180.883
1992-05-26,152.039
1992-05-27,120.141
1992-05-28,101.359
1992-05-29,72.63
1992-05-30,56.819
1992-05-31,45.901
1992-06-01,38.903
1992-06-02,33.923
1992-06-03,129.436
1992-06-04,48.696
1992-06-05,31.613
1992-06-06,32.307
1992-06-07,31.968
1992-06-08,31.466
1992-06-09,32.071
1992-06-10,32.267
1992-06-11,32.636
1992-06-12,33.756
1992-06-13,33.935
1992-06-14,33.943
1992-06-15,34.561
1992-06-16,37.638
1992-06-17,39.174
1992-06-18,39.854
1992-06-19,41.121
1992-06-20,42.19
1992-06-21,41.042
1992-06-22,38.221
1992-06-23,33.685
1992-06-24,27.825
1992-06-25,29.266
1992-06-26,27.136
1992-06-27,25.203
1992-06-28,9.329
1992-06-29,7.109
1992-06-30,5.614
1992-07-01,0.0
1992-07-02,0.0
1992-07-03,0.0
1992-07-04,0.0
1992-07-05,0.0
1992-07-06,0.0
1992-07-07,0.0
1992-07-08,0.0
1992-07-09,0.0
1992-07-10,0.0
1992-07-11,0.0
1992-07-12,0.0
1992-07-13,0.0
1992-07-14,0.0
1992-07-15,0.0
1992-07-16,0.0
1992-07-17,0.0
1992-07-18,0.0
1992-07-19,0.0
1992-07-20,0.0
1992-07-21,0.0
1992-07-22,0.0
1992-07-23,0.0
1992-07-24,0.0
1992-07-25,0.0
1992-07-26,0.0
1992-07-27,0.0
1992-07-28,0.0
1992-07-29,0.0
1992-07-30,0.0
1992-07-31,0.0
1992-08-01,0.0
1992-08-02,0.0
1992-08-03,0.0
1992-08-04,0.0
1992-08-05,0.0
1992-08-06,0.0
1992-08-07,0.0
1992-08-08,0.0
1992-08-09,0.0
1992-08-10,0.0
1992-08-11,0.0
1992-08-12,0.0
1992-08-13,0.0
1992-08-14,0.0
1992-08-15,0.0
1992-08-16,0.0
1992-08-17,0.0
1992-08-18,0.0
1992-08-19,0.0
1992-08-20,0.0
1992-08-21,0.0
1992-08-22,0.0
1992-08-23,0.0
1992-08-24,0.0
1992-08-25,16.795
1992-08-26,0.0
1992-08-27,0.0
1992-08-28,0.0
1992-08-29,0.0
1992-08-30,0.0
1992-08-31,0.0
1992-09-01,0.0
1992-09-02,0.0
1992-09-03,170.762
1992-09-04,108.351
1992-09-05,0.0
1992-09-06,0.0
1992-09-07,0.0
1992-09-08,0.0
1992-09-09,0.0
1992-09-10,133.473
1992-09-11,0.0
1992-09-12,80.473
1992-09-13,35.116
1992-09-14,0.0
1992-09-15,0.0
1992-09-16,0.0
1992-09-17,0.0
1992-09-18,0.0
1992-09-19,0.0
1992-09-20,0.0
1992-09-21,0.0
1992-09-22,0.0
1992-09-23,0.0
1992-09-24,59.966
1992-09-25,64.03
1992-09-26,66.592
1992-09-27,89.098
1992-09-28,42.358
1992-09-29,20.014
1992-09-30,0.0
1992-10-01,57.374
1992-10-02,64.161
1992-10-03,120.38
1992-10-04,144.777
1992-10-05,0.0
1992-10-06,0.0
1992-10-07,98.109
1992-10-08,59.428
1992-10-09,81.956
1992-10-10,0.0
1992-10-11,45.255
1992-10-12,70.217
1992-10-13,24.186
1992-10-14,0.0
1992-10-15,48.138
1992-10-16,116.714
1992-10-17,20.105
1992-10-18,0.0
1992-10-19,121.404
1992-10-20,0.0
1992-10-21,12.064
1992-10-22,0.0
1992-10-23,30.051
1992-10-24,21.045
1992-10-25,104.348
1992-10-26,43.037
1992-10-27,107.177
1992-10-28,370.03
1992-10-29,0.0
1992-10-30,0.0
1992-10-31,0.0
1992-11-01,0.0
1992-11-02,0.0
1992-11-03,0.0
1992-11-04,0.0
1992-11-05,163.316
1992-11-06,0.0
1992-11-07,0.0
1992-11-08,0.0
1992-11-09,14.081
1992-11-10,54.231
1992-11-11,104.358
1992-11-12,0.0
1992-11-13,59.684
1992-11-14,44.56
1992-11-15,124.601
1992-11-16,22.385
1992-11-17,64.323
1992-11-18,113.076
1992-11-19,144.237
1992-11-20,0.0
1992-11-21,257.633
1992-11-22,0.0
1992-11-23,0.0
1992-11-24,0.0
1992-11-25,0.0
1992-11-26,411.094
1992-11-27,89.26
1992-11-28,12.187
1992-11-29,68.212
1992-11-30,0.0
1992-12-01,0.0
1992-12-02,0.0
1992-12-03,93.113
1992-12-04,31.136
1992-12-05,56.119
1992-12-06,3.104
1992-12-07,0.0
1992-12-08,90.203
1992-12-09,456.071
1992-12-10,283.063
1992-12-11,14.056
1992-12-12,27.05
1992-12-13,123.261
1992-12-14,67.04
1992-12-15,6.036
1992-12-16,48.033
1992-12-17,67.03
1992-12-18,101.498
1992-12-19,149.714
1992-12-20,0.0
1992-12-21,16.02
1992-12-22,131.745
1992-12-23,107.162
1992-12-24,0.0
1992-12-25,0.0
1992-12-26,0.0
1992-12-27,0.0
1992-12-28,85.411
1992-12-29,7.01
1992-12-30,0.0
1992-12-31,19.009
1993-01-01,0.0
1993-01-02,0.0
1993-01-03,0.0
1993-01-04,0.0
1993-01-05,0.0
1993-01-06,0.0
1993-01-07,108.096
1993-01-08,0.0
1993-01-09,83.526
1993-01-10,9.519
1993-01-11,330.035
1993-01-12,214.685
1993-01-13,106.981
1993-01-14,146.163
1993-01-15,119.032
1993-01-16,99.859
1993-01-17,119.846
1993-01-18,99.979
1993-01-19,18.598
1993-01-20,22.096
1993-01-21,8.4
1993-01-22,5.607
1993-01-23,3.446
1993-01-24,1.445
1993-01-25,0.0
1993-01-26,0.0
1993-01-27,0.0
1993-01-28,0.0
1993-01-29,0.0
1993-01-30,0.0
1993-01-31,0.0
1993-02-01,0.0
1993-02-02,0.0
1993-02-03,0.0
1993-02-04,0.0
1993-02-05,0.0
1993-02-06,0.0
1993-02-07,0.0
1993-02-08,0.0
1993-02-09,0.0
1993-02-10,0.0
1993-02-11,0.0
1993-02-12,0.0
1993-02-13,0.0
1993-02-14,0.0
1993-02-15,0.0
1993-02-16,6.076
1993-02-17,0.0
1993-02-18,0.0
1993-02-19,0.0
1993-02-20,0.0
1993-02-21,0.0
1993-02-22,0.0
1993-02-23,0.0
1993-02-24,0.0
1993-02-25,0.0
1993-02-26,0.0
1993-02-27,0.0
1993-02-28,0.0
1993-03-01,168.12
1993-03-02,116.194
1993-03-03,18.626
1993-03-04,1.46
1993-03-05,1.295
1993-03-06,1.178
1993-03-07,1.343
1993-03-08,38.964
1993-03-09,1.187
1993-03-10,0.853
1993-03-11,51.857
1993-03-12,1.472
1993-03-13,2.057
1993-03-14,5.39
1993-03-15,8.178
1993-03-16,9.227
1993-03-17,9.392
1993-03-18,9.19
1993-03-19,9.054
1993-03-20,8.962
1993-03-21,8.613
1993-03-22,60.252
1993-03-23,5.794
1993-03-24,73.545
1993-03-25,2.914
1993-03-26,33.554
1993-03-27,0.134
1993-03-28,0.0
1993-03-29,0.0
1993-03-30,0.0
1993-03-31,0.0
1993-04-01,0.0
1993-04-02,0.0
1993-04-03,0.0
1993-04-04,0.0
1993-04-05,0.0
1993-04-06,0.0
1993-04-07,0.0
1993-04-08,0.0
1993-04-09,0.0
1993-04-10,0.0
1993-04-11,0.0
1993-04-12,0.0
1993-04-13,0.0
1993-04-14,0.0
1993-04-15,0.0
1993-04-16,0.0
1993-04-17,0.0
1993-04-18,0.0
1993-04-19,0.0
1993-04-20,0.0
1993-04-21,0.0
1993-04-22,0.0
1993-04-23,0.0
1993-04-24,0.0
1993-04-25,0.0
1993-04-26,0.0
1993-04-27,0.0
1993-04-28,0.0
1993-04-29,0.0
1993-04-30,0.0
1993-05-01,0.0
1993-05-02,0.0
1993-05-03,0.0
1993-05-04,11.419
1993-05-05,23.584
1993-05-06,60.724
1993-05-07,151.422
1993-05-08,203.707
1993-05-09,242.196
1993-05-10,245.076
1993-05-11,45.464
1993-05-12,6.922
1993-05-13,37.771
1993-05-14,1.071
1993-05-15,89.265
1993-05-16,2.317
1993-05-17,2.737
1993-05-18,20.3
1993-05-19,47.963
1993-05-20,19.165
1993-05-21,49.598
1993-05-22,33.147
1993-05-23,19.261
1993-05-24,49.338
1993-05-25,48.119
1993-05-26,4.7
1993-05-27,5.493
1993-05-28,25.045
1993-05-29,26.152
1993-05-30,96.44
1993-05-31,84.071
1993-06-01,61.584
1993-06-02,100.261
1993-06-03,9.866
1993-06-04,32.032
1993-06-05,17.5
1993-06-06,19.813
1993-06-07,26.371
1993-06-08,19.587
1993-06-09,19.283
1993-06-10,20.979
1993-06-11,22.392
1993-06-12,22.371
1993-06-13,21.054
1993-06-14,20.537
1993-06-15,19.893
1993-06-16,19.793
1993-06-17,19.731
1993-06-18,19.375
1993-06-19,18.836
1993-06-20,18.488
1993-06-21,18.578
1993-06-22,17.701
1993-06-23,16.832
1993-06-24,15.352
1993-06-25,13.798
1993-06-26,11.898
1993-06-27,10.373
1993-06-28,9.368
1993-06-29,8.989
1993-06-30,8.166
1993-07-01,0.0
1993-07-02,0.0
1993-07-03,0.0
1993-07-04,0.0
1993-07-05,0.0
1993-07-06,0.0
1993-07-07,0.0
1993-07-08,0.0
1993-07-09,0.0
1993-07-10,0.0
1993-07-11,0.0
1993-07-12,0.0
1993-07-13,0.0
1993-07-14,0.0
1993-07-15,0.0
1993-07-16,0.0
1993-07-17,0.0
1993-07-18,0.0
1993-07-19,0.0
1993-07-20,0.0
1993-07-21,0.0
1993-07-22,0.0
1993-07-23,0.0
1993-07-24,0.0
1993-07-25,0.0
1993-07-26,0.0
1993-07-27,0.0
1993-07-28,4.932
1993-07-29,0.0
1993-07-30,0.0
1993-07-31,0.0
1993-08-01,0.0
1993-08-02,0.0
1993-08-03,0.0
1993-08-04,0.0
1993-08-05,0.0
1993-08-06,0.0
1993-08-07,0.0
1993-08-08,0.0
1993-08-09,0.0
1993-08-10,0.0
1993-08-11,0.0
1993-08-12,0.0
1993-08-13,0.0
1993-08-14,0.0
1993-08-15,0.0
1993-08-16,0.0
1993-08-17,0.0
1993-08-18,0.0
1993-08-19,0.0
1993-08-20,0.0
1993-08-21,0.0
1993-08-22,0.0
1993-08-23,0.0
1993-08-24,0.0
1993-08-25,0.0
1993-08-26,0.0
1993-08-27,0.0
1993-08-28,0.0
1993-08-29,0.0
1993-08-30,0.0
1993-08-31,0.0
1993-09-01,0.0
1993-09-02,0.0
1993-09-03,0.0
1993-09-04,0.0
1993-09-05,0.0
1993-09-06,0.0
1993-09-07,0.0
1993-09-08,0.0
1993-09-09,0.0
1993-09-10,0.0
1993-09-11,0.0
1993-09-12,0.0
1993-09-13,0.0
1993-09-14,36.781
1993-09-15,0.0
1993-09-16,0.0
1993-09-17,0.0
1993-09-18,0.0
1993-09-19,0.0
1993-09-20,0.0
1993-09-21,0.0
1993-09-22,0.0
1993-09-23,0.0
1993-09-24,0.0
1993-09-25,0.0
1993-09-26,0.0
1993-09-27,0.0
1993-09-28,0.0
1993-09-29,0.0
1993-09-30,0.0
1993-10-01,0.0
1993-10-02,0.0
1993-10-03,0.0
1993-10-04,0.0
1993-10-05,0.0
1993-10-06,0.0
1993-10-07,0.0
1993-10-08,0.0
1993-10-09,0.0
1993-10-10,0.0
1993-10-11,0.0
1993-10-12,0.0
1993-10-13,0.0
1993-10-14,0.0
1993-10-15,0.0
1993-10-16,0.0
1993-10-17,0.0
1993-10-18,0.0
1993-10-19,0.0
1993-10-20,0.0
1993-10-21,0.0
1993-10-22,0.0
1993-10-23,0.0
1993-10-24,0.0
1993-10-25,0.0
1993-10-26,0.0
1993-10-27,0.0
1993-10-28,0.0
1993-10-29,0.0
1993-10-30,0.0
1993-10-31,0.0
1993-11-01,0.0
1993-11-02,0.0
1993-11-03,0.0
1993-11-04,0.0
1993-11-05,0.0
1993-11-06,0.0
1993-11-07,0.0
1993-11-08,0.0
1993-11-09,0.0
1993-11-10,0.0
1993-11-11,77.467
1993-11-12,41.086
1993-11-13,41.076
1993-11-14,51.067
1993-11-15,76.002
1993-11-16,57.053
1993-11-17,3.048
1993-11-18,44.043
1993-11-19,21.038
1993-11-20,0.0
1993-11-21,96.775
1993-11-22,7.028
1993-11-23,176.188
1993-11-24,205.495
1993-11-25,0.0
1993-11-26,42.02
1993-11-27,75.387
1993-11-28,73.061
1993-11-29,72.215
1993-11-30,52.146
1993-12-01,59.935
1993-12-02,116.367
1993-12-03,36.614
1993-12-04,17.505
1993-12-05,0.0
1993-12-06,141.513
1993-12-07,12.295
1993-12-08,108.327
1993-12-09,82.765
1993-12-10,130.088
1993-12-11,251.662
1993-12-12,285.313
1993-12-13,212.137
1993-12-14,136.41
1993-12-15,94.322
1993-12-16,108.477
1993-12-17,36.582
1993-12-18,65.425
1993-12-19,108.114
1993-12-20,125.74
1993-12-21,84.834
1993-12-22,14.349
1993-12-23,306.31
1993-12-24,113.636
1993-12-25,84.397
1993-12-26,34.328
1993-12-27,11.149
1993-12-28,48.767
1993-12-29,60.529
1993-12-30,48.929
1993-12-31,39.577
1994-01-01,14.305
1994-01-02,64.676
1994-01-03,142.065
1994-01-04,141.307
1994-01-05,3.03
1994-01-06,1.999
1994-01-07,1.266
1994-01-08,0.985
1994-01-09,0.283
1994-01-10,0.0
1994-01-11,0.0
1994-01-12,0.0
1994-01-13,0.0
1994-01-14,0.0
1994-01-15,0.0
1994-01-16,0.0
1994-01-17,0.0
1994-01-18,0.0
1994-01-19,9.525
1994-01-20,37.435
1994-01-21,45.363
1994-01-22,23.305
1994-01-23,229.353
1994-01-24,28.22
1994-01-25,0.0
1994-01-26,12.162
1994-01-27,97.823
1994-01-28,75.115
1994-01-29,66.106
1994-01-30,87.379
1994-01-31,43.082
1994-02-01,0.0
1994-02-02,0.0
1994-02-03,0.0
1994-02-04,62.051
1994-02-05,0.0
1994-02-06,0.0
1994-02-07,0.0
1994-02-08,0.0
1994-02-09,0.0
1994-02-10,0.131
1994-02-11,47.416
1994-02-12,8.507
1994-02-13,0.0
1994-02-14,0.0
1994-02-15,0.0
1994-02-16,51.987
1994-02-17,29.794
1994-02-18,5.646
1994-02-19,38.53
1994-02-20,0.0
1994-02-21,0.0
1994-02-22,0.0
1994-02-23,0.0
1994-02-24,0.0
1994-02-25,0.0
1994-02-26,0.0
1994-02-27,0.0
1994-02-28,0.0
1994-03-01,0.0
1994-03-02,233.103
1994-03-03,113.0
1994-03-04,30.91
1994-03-05,91.983
1994-03-06,8.531
1994-03-07,20.271
1994-03-08,59.965
1994-03-09,59.447
1994-03-10,142.676
1994-03-11,156.854
1994-03-12,95.769
1994-03-13,67.455
1994-03-14,43.356
1994-03-15,37.472
1994-03-16,33.962
1994-03-17,31.833
1994-03-18,33.528
1994-03-19,36.723
1994-03-20,27.619
1994-03-21,23.963
1994-03-22,33.445
1994-03-23,42.599
1994-03-24,13.709
1994-03-25,34.76
1994-03-26,9.98
1994-03-27,22.007
1994-03-28,76.045
1994-03-29,5.574
1994-03-30,4.425
1994-03-31,3.541
1994-04-01,48.62
1994-04-02,30.935
1994-04-03,58.415
1994-04-04,35.772
1994-04-05,26.072
1994-04-06,0.0
1994-04-07,94.21
1994-04-08,24.98
1994-04-09,30.252
1994-04-10,7.496
1994-04-11,0.0
1994-04-12,0.0
1994-04-13,0.0
1994-04-14,0.0
1994-04-15,128.85
1994-04-16,101.353
1994-04-17,112.541
1994-04-18,140.783
1994-04-19,130.287
1994-04-20,121.702
1994-04-21,51.332
1994-04-22,41.28
1994-04-23,1.237
1994-04-24,0.0
1994-04-25,0.0
1994-04-26,0.0
1994-04-27,0.0
1994-04-28,0.0
1994-04-29,48.099
1994-04-30,31.087
1994-05-01,0.0
1994-05-02,27.068
1994-05-03,53.061
1994-05-04,14.054
1994-05-05,43.048
1994-05-06,17.043
1994-05-07,45.047
1994-05-08,31.049
1994-05-09,53.103
1994-05-10,41.099
1994-05-11,23.096
1994-05-12,26.482
1994-05-13,34.882
1994-05-14,25.06
1994-05-15,7.39
1994-05-16,16.859
1994-05-17,15.038
1994-05-18,0.0
1994-05-19,0.0
1994-05-20,0.0
1994-05-21,10.893
1994-05-22,0.0
1994-05-23,18.682
1994-05-24,14.649
1994-05-25,0.544
1994-05-26,0.0
1994-05-27,0.0
1994-05-28,0.0
1994-05-29,0.0
1994-05-30,0.0
1994-05-31,0.0
1994-06-01,35.178
1994-06-02,7.154
1994-06-03,5.133
1994-06-04,0.116
1994-06-05,37.101
1994-06-06,49.089
1994-06-07,30.089
1994-06-08,18.088
1994-06-09,68.078
1994-06-10,16.069
1994-06-11,6.061
1994-06-12,34.055
1994-06-13,47.049
1994-06-14,51.044
1994-06-15,51.039
1994-06-16,36.035
1994-06-17,60.089
1994-06-18,10.079
1994-06-19,17.069
1994-06-20,0.0
1994-06-21,34.055
1994-06-22,41.049
1994-06-23,41.044
1994-06-24,0.0
1994-06-25,16.036
1994-06-26,21.032
1994-06-27,0.0
1994-06-28,11.026
1994-06-29,8.024
1994-06-30,27.022
1994-07-01,0.0
1994-07-02,0.0
1994-07-03,0.0
1994-07-04,0.0
1994-07-05,0.0
1994-07-06,0.0
1994-07-07,0.0
1994-07-08,0.0
1994-07-09,0.0
1994-07-10,0.0
1994-07-11,0.0
1994-07-12,0.0
1994-07-13,0.0
1994-07-14,0.0
1994-07-15,0.0
1994-07-16,0.0
1994-07-17,0.0
1994-07-18,0.0
1994-07-19,0.0
1994-07-20,0.0
1994-07-21,0.0
1994-07-22,0.0
1994-07-23,0.0
1994-07-24,0.0
1994-07-25,0.0
1994-07-26,0.0
1994-07-27,0.0
1994-07-28,0.0
1994-07-29,0.0
1994-07-30,0.0
1994-07-31,0.0
1994-08-01,0.0
1994-08-02,0.0
1994-08-03,0.0
1994-08-04,0.0
1994-08-05,0.0
1994-08-06,0.0
1994-08-07,0.0
1994-08-08,0.0
1994-08-09,0.0
1994-08-10,0.0
1994-08-11,0.0
1994-08-12,0.0
1994-08-13,0.0
1994-08-14,0.0
1994-08-15,0.0
1994-08-16,0.0
1994-08-17,0.0
1994-08-18,0.0
1994-08-19,0.0
1994-08-20,0.0
1994-08-21,0.0
1994-08-22,0.0
1994-08-23,0.0
1994-08-24,0.0
1994-08-25,0.0
1994-08-26,0.0
1994-08-27,0.0
1994-08-28,0.0
1994-08-29,0.0
1994-08-30,0.0
1994-08-31,0.0
1994-09-01,0.0
1994-09-02,0.0
1994-09-03,0.0
1994-09-04,0.0
1994-09-05,0.0
1994-09-06,0.0
1994-09-07,0.0
1994-09-08,0.0
1994-09-09,0.0
1994-09-10,0.0
1994-09-11,0.0
1994-09-12,0.0
1994-09-13,0.0
1994-09-14,0.0
1994-09-15,0.0
1994-09-16,0.0
1994-09-17,0.0
1994-09-18,0.0
1994-09-19,0.0
1994-09-20,0.0
1994-09-21,0.0
1994-09-22,0.0
1994-09-23,0.0
1994-09-24,0.0
1994-09-25,0.0
1994-09-26,0.0
1994-09-27,0.0
1994-09-28,0.0
1994-09-29,0.0
1994-09-30,0.0
1994-10-01,0.0
1994-10-02,0.0
1994-10-03,0.0
1994-10-04,0.0
1994-10-05,0.0
1994-10-06,0.0
1994-10-07,0.0
1994-10-08,0.0
1994-10-09,0.0
1994-10-10,0.0
1994-10-11,0.0
1994-10-12,0.0
1994-10-13,0.0
1994-10-14,0.0
1994-10-15,0.0
1994-10-16,0.0
1994-10-17,0.0
1994-10-18,0.0
1994-10-19,0.0
1994-10-20,0.0
1994-10-21,0.0
1994-10-22,0.0
1994-10-23,0.0
1994-10-24,0.0
1994-10-25,0.0
1994-10-26,0.0
1994-10-27,0.0
1994-10-28,0.0
1994-10-29,0.0
1994-10-30,0.0
1994-10-31,0.0
1994-11-01,0.0
1994-11-02,0.0
1994-11-03,0.0
1994-11-04,0.0
1994-11-05,0.0
1994-11-06,0.0
1994-11-07,0.0
1994-11-08,0.0
1994-11-09,0.0
1994-11-10,0.0
1994-11-11,0.0
1994-11-12,0.0
1994-11-13,0.0
1994-11-14,0.0
1994-11-15,0.0
1994-11-16,8.3
1994-11-17,0.0
1994-11-18,15.0
1994-11-19,0.0
1994-11-20,20.0
1994-11-21,3.0
1994-11-22,67.0
1994-11-23,12.0
1994-11-24,0.0
1994-11-25,26.0
1994-11-26,11.0
1994-11-27,9.0
1994-11-28,16.0
1994-11-29,4.0
1994-11-30,11.0
1994-12-01,22.0
1994-12-02,0.0
1994-12-03,18.0
1994-12-04,37.0
1994-12-05,0.0
1994-12-06,71.0
1994-12-07,22.0
1994-12-08,32.0
1994-12-09,10.0
1994-12-10,27.0
1994-12-11,60.0
1994-12-12,15.0
1994-12-13,17.0
1994-12-14,29.0
1994-12-15,27.0
1994-12-16,0.0
1994-12-17,10.0
1994-12-18,0.0
1994-12-19,0.0
1994-12-20,0.0
1994-12-21,0.0
1994-12-22,0.0
1994-12-23,0.0
1994-12-24,0.0
1994-12-25,0.0
1994-12-26,0.0
1994-12-27,0.0
1994-12-28,0.0
1994-12-29,0.0
1994-12-30,0.0
1994-12-31,0.0
1995-01-01,0.0
1995-01-02,0.0
1995-01-03,0.0
1995-01-04,0.0
1995-01-05,0.0
1995-01-06,0.0
1995-01-07,0.0
1995-01-08,0.0
1995-01-09,0.0
1995-01-10,0.0
1995-01-11,0.0
1995-01-12,0.0
1995-01-13,0.0
1995-01-14,0.0
1995-01-15,0.0
1995-01-16,0.0
1995-01-17,0.0
1995-01-18,0.0
1995-01-19,0.0
1995-01-20,0.0
1995-01-21,0.0
1995-01-22,0.0
1995-01-23,0.0
1995-01-24,0.0
1995-01-25,0.0
1995-01-26,0.0
1995-01-27,0.0
1995-01-28,0.0
1995-01-29,0.0
1995-01-30,16.0
1995-01-31,6.0
1995-02-01,0.0
1995-02-02,1.0
1995-02-03,0.0
1995-02-04,0.0
1995-02-05,0.0
1995-02-06,0.0
1995-02-07,0.0
1995-02-08,0.0
1995-02-09,0.0
1995-02-10,0.0
1995-02-11,0.0
1995-02-12,0.0
1995-02-13,0.0
1995-02-14,0.0
1995-02-15,0.0
1995-02-16,0.0
1995-02-17,0.0
1995-02-18,0.0
1995-02-19,113.764
1995-02-20,0.0
1995-02-21,2.0
1995-02-22,0.0
1995-02-23,0.0
1995-02-24,0.0
1995-02-25,7.0
1995-02-26,0.0
1995-02-27,0.0
1995-02-28,1.0
1995-03-01,0.0
1995-03-02,3.0
1995-03-03,0.0
1995-03-04,0.0
1995-03-05,36.0
1995-03-06,10.0
1995-03-07,30.0
1995-03-08,10.0
1995-03-09,24.0
1995-03-10,0.0
1995-03-11,0.0
1995-03-12,394.398
1995-03-13,774.579
1995-03-14,1234.272
1995-03-15,679.539
1995-03-16,361.917
1995-03-17,182.312
1995-03-18,125.691
1995-03-19,100.362
1995-03-20,65.522
1995-03-21,73.227
1995-03-22,49.718
1995-03-23,49.829
1995-03-24,23.918
1995-03-25,45.619
1995-03-26,39.715
1995-03-27,5.072
1995-03-28,6.605
1995-03-29,31.261
1995-03-30,147.802
1995-03-31,0.0
1995-04-01,0.0
1995-04-02,9.537
1995-04-03,0.0
1995-04-04,0.0
1995-04-05,26.311
1995-04-06,0.0
1995-04-07,0.0
1995-04-08,0.0
1995-04-09,0.0
1995-04-10,0.0
1995-04-11,0.0
1995-04-12,0.0
1995-04-13,0.0
1995-04-14,0.0
1995-04-15,0.0
1995-04-16,0.0
1995-04-17,0.0
1995-04-18,0.0
1995-04-19,0.0
1995-04-20,0.0
1995-04-21,0.0
1995-04-22,0.0
1995-04-23,0.0
1995-04-24,0.0
1995-04-25,0.0
1995-04-26,0.0
1995-04-27,0.0
1995-04-28,0.0
1995-04-29,0.0
1995-04-30,0.0
1995-05-01,0.0
1995-05-02,0.0
1995-05-03,0.0
1995-05-04,0.0
1995-05-05,0.0
1995-05-06,0.0
1995-05-07,0.0
1995-05-08,0.0
1995-05-09,0.0
1995-05-10,0.0
1995-05-11,0.0
1995-05-12,0.0
1995-05-13,0.0
1995-05-14,0.0
1995-05-15,0.0
1995-05-16,0.0
1995-05-17,22.005
1995-05-18,27.004
1995-05-19,6.004
1995-05-20,17.004
1995-05-21,0.0
1995-05-22,25.003
1995-05-23,78.785
1995-05-24,2.003
1995-05-25,44.003
1995-05-26,21.003
1995-05-27,14.003
1995-05-28,0.0
1995-05-29,0.0
1995-05-30,50.002
1995-05-31,49.002
1995-06-01,42.002
1995-06-02,31.002
1995-06-03,20.002
1995-06-04,23.002
1995-06-05,57.002
1995-06-06,8.002
1995-06-07,36.001
1995-06-08,16.001
1995-06-09,34.001
1995-06-10,7.001
1995-06-11,8.001
1995-06-12,37.001
1995-06-13,47.001
1995-06-14,42.001
1995-06-15,27.001
1995-06-16,0.0
1995-06-17,20.001
1995-06-18,47.001
1995-06-19,29.001
1995-06-20,22.001
1995-06-21,19.001
1995-06-22,36.001
1995-06-23,36.001
1995-06-24,20.001
1995-06-25,27.001
1995-06-26,66.001
1995-06-27,47.001
1995-06-28,0.0
1995-06-29,0.0
1995-06-30,40.001
1995-07-01,0.0
1995-07-02,0.0
1995-07-03,0.0
1995-07-04,0.0
1995-07-05,0.0
1995-07-06,0.0
1995-07-07,0.0
1995-07-08,0.0
1995-07-09,0.0
1995-07-10,0.0
1995-07-11,0.0
1995-07-12,0.0
1995-07-13,0.0
1995-07-14,0.0
1995-07-15,0.0
1995-07-16,0.0
1995-07-17,0.0
1995-07-18,0.0
1995-07-19,0.0
1995-07-20,0.0
1995-07-21,0.0
1995-07-22,0.0
1995-07-23,0.0
1995-07-24,0.0
1995-07-25,0.0
1995-07-26,0.0
1995-07-27,0.0
1995-07-28,0.0
1995-07-29,0.0
1995-07-30,0.0
1995-07-31,0.0
1995-08-01,0.0
1995-08-02,0.0
1995-08-03,0.0
1995-08-04,0.0
1995-08-05,0.0
1995-08-06,0.0
1995-08-07,0.0
1995-08-08,0.0
1995-08-09,0.0
1995-08-10,0.0
1995-08-11,0.0
1995-08-12,0.0
1995-08-13,0.0
1995-08-14,0.0
1995-08-15,0.0
1995-08-16,0.0
1995-08-17,0.0
1995-08-18,0.0
1995-08-19,0.0
1995-08-20,0.0
1995-08-21,0.0
1995-08-22,0.0
1995-08-23,0.0
1995-08-24,0.0
1995-08-25,0.0
1995-08-26,0.0
1995-08-27,0.0
1995-08-28,0.0
1995-08-29,0.0
1995-08-30,0.0
1995-08-31,0.0
1995-09-01,0.0
1995-09-02,0.0
1995-09-03,0.0
1995-09-04,0.0
1995-09-05,0.0
1995-09-06,0.0
1995-09-07,0.0
1995-09-08,0.0
1995-09-09,0.0
1995-09-10,0.0
1995-09-11,0.0
1995-09-12,0.0
1995-09-13,0.0
1995-09-14,0.0
1995-09-15,0.0
1995-09-16,0.0
1995-09-17,0.0
1995-09-18,0.0
1995-09-19,0.0
1995-09-20,0.0
1995-09-21,0.0
1995-09-22,0.0
1995-09-23,0.0
1995-09-24,0.0
1995-09-25,0.0
1995-09-26,0.0
1995-09-27,0.0
1995-09-28,0.0
1995-09-29,0.0
1995-09-30,0.0
1995-10-01,0.0
1995-10-02,0.0
1995-10-03,0.0
1995-10-04,0.0
1995-10-05,0.0
1995-10-06,0.0
1995-10-07,0.0
1995-10-08,0.0
1995-10-09,0.0
1995-10-10,0.0
1995-10-11,0.0
1995-10-12,0.0
1995-10-13,0.0
1995-10-14,0.0
1995-10-15,0.0
1995-10-16,0.0
1995-10-17,0.0
1995-10-18,0.0
1995-10-19,0.0
1995-10-20,0.0
1995-10-21,0.0
1995-10-22,0.0
1995-10-23,0.0
1995-10-24,0.0
1995-10-25,0.0
1995-10-26,0.0
1995-10-27,0.0
1995-10-28,0.0
1995-10-29,0.0
1995-10-30,0.0
1995-10-31,0.0
1995-11-01,26.016
1995-11-02,25.0
1995-11-03,3.0
1995-11-04,42.0
1995-11-05,50.0
1995-11-06,39.0
1995-11-07,30.0
1995-11-08,2.0
1995-11-09,3.0
1995-11-10,6.0
1995-11-11,0.0
1995-11-12,0.0
1995-11-13,55.973
1995-11-14,393.692
1995-11-15,369.118
1995-11-16,708.073
1995-11-17,318.143
1995-11-18,1209.504
1995-11-19,2013.118
1995-11-20,2349.325
1995-11-21,1521.781
1995-11-22,1560.7
1995-11-23,1539.192
1995-11-24,2302.541
1995-11-25,2091.964
1995-11-26,1122.017
1995-11-27,605.266
1995-11-28,249.407
1995-11-29,205.385
1995-11-30,145.678
1995-12-01,151.582
1995-12-02,116.144
1995-12-03,71.976
1995-12-04,30.523
1995-12-05,23.781
1995-12-06,27.039
1995-12-07,39.008
1995-12-08,87.697
1995-12-09,15.316
1995-12-10,29.478
1995-12-11,18.804
1995-12-12,18.153
1995-12-13,80.138
1995-12-14,600.925
1995-12-15,982.922
1995-12-16,731.602
1995-12-17,458.712
1995-12-18,257.694
1995-12-19,128.568
1995-12-20,105.904
1995-12-21,77.517
1995-12-22,54.787
1995-12-23,42.809
1995-12-24,115.379
1995-12-25,500.758
1995-12-26,1791.076
1995-12-27,2703.303
1995-12-28,2173.468
1995-12-29,1078.049
1995-12-30,610.215
1995-12-31,361.134
1996-01-01,281.83
1996-01-02,196.215
1996-01-03,167.507
1996-01-04,769.386
1996-01-05,6413.01
1996-01-06,15760.657
1996-01-07,8295.395
1996-01-08,4466.275
1996-01-09,3101.329
1996-01-10,6755.818
1996-01-11,6655.658
1996-01-12,13382.0
1996-01-13,7617.263
1996-01-14,4258.506
1996-01-15,2163.495
1996-01-16,1199.292
1996-01-17,758.59
1996-01-18,547.513
1996-01-19,373.129
1996-01-20,253.893
1996-01-21,201.144
1996-01-22,166.667
1996-01-23,177.031
1996-01-24,337.888
1996-01-25,1014.238
1996-01-26,1077.734
1996-01-27,1241.674
1996-01-28,5134.918
1996-01-29,12949.321
1996-01-30,6026.262
1996-01-31,3025.946
1996-02-01,1525.101
1996-02-02,901.623
1996-02-03,580.769
1996-02-04,465.005
1996-02-05,455.854
1996-02-06,598.579
1996-02-07,584.026
1996-02-08,339.192
1996-02-09,264.229
1996-02-10,348.805
1996-02-11,252.805
1996-02-12,217.49
1996-02-13,227.179
1996-02-14,157.128
1996-02-15,123.712
1996-02-16,99.027
1996-02-17,82.991
1996-02-18,71.841
1996-02-19,74.975
1996-02-20,53.855
1996-02-21,95.726
1996-02-22,43.894
1996-02-23,52.96
1996-02-24,53.616
1996-02-25,52.291
1996-02-26,37.825
1996-02-27,120.713
1996-02-28,141.332
1996-02-29,355.884
1996-03-01,15.218
1996-03-02,135.142
1996-03-03,216.34
1996-03-04,237.022
1996-03-05,233.818
1996-03-06,124.208
1996-03-07,152.808
1996-03-08,110.95
1996-03-09,77.271
1996-03-10,30.591
1996-03-11,96.329
1996-03-12,63.641
1996-03-13,77.013
1996-03-14,91.849
1996-03-15,62.581
1996-03-16,19.582
1996-03-17,33.422
1996-03-18,96.713
1996-03-19,57.958
1996-03-20,61.246
1996-03-21,0.0
1996-03-22,62.355
1996-03-23,0.0
1996-03-24,0.0
1996-03-25,77.55
1996-03-26,22.57
1996-03-27,76.39
1996-03-28,86.715
1996-03-29,0.0
1996-03-30,0.0
1996-03-31,4.235
1996-04-01,2.201
1996-04-02,0.0
1996-04-03,0.0
1996-04-04,0.0
1996-04-05,5.113
1996-04-06,0.0
1996-04-07,4.087
1996-04-08,32.076
1996-04-09,49.068
1996-04-10,9.06
1996-04-11,1.039
1996-04-12,1.149
1996-04-13,3.043
1996-04-14,15.939
1996-04-15,54.411
1996-04-16,31.936
1996-04-17,8.585
1996-04-18,19.14
1996-04-19,9.304
1996-04-20,7.772
1996-04-21,37.409
1996-04-22,122.087
1996-04-23,9.802
1996-04-24,24.29
1996-04-25,54.793
1996-04-26,79.8
1996-04-27,134.54
1996-04-28,397.184
1996-04-29,223.208
1996-04-30,16.795
1996-05-01,21.362
1996-05-02,470.416
1996-05-03,74.657
1996-05-04,737.28
1996-05-05,1546.464
1996-05-06,1355.306
1996-05-07,1203.527
1996-05-08,706.737
1996-05-09,625.389
1996-05-10,318.951
1996-05-11,238.369
1996-05-12,185.347
1996-05-13,148.388
1996-05-14,99.618
1996-05-15,212.066
1996-05-16,115.1
1996-05-17,324.195
1996-05-18,329.97
1996-05-19,283.751
1996-05-20,286.897
1996-05-21,237.998
1996-05-22,178.809
1996-05-23,132.812
1996-05-24,99.77
1996-05-25,80.636
1996-05-26,58.609
1996-05-27,44.245
1996-05-28,34.253
1996-05-29,27.704
1996-05-30,22.407
1996-05-31,17.611
1996-06-01,14.506
1996-06-02,12.206
1996-06-03,9.845
1996-06-04,48.433
1996-06-05,6.975
1996-06-06,29.847
1996-06-07,4.364
1996-06-08,3.277
1996-06-09,2.466
1996-06-10,1.859
1996-06-11,1.395
1996-06-12,0.978
1996-06-13,0.893
1996-06-14,0.497
1996-06-15,0.0
1996-06-16,0.053
1996-06-17,0.0
1996-06-18,0.0
1996-06-19,0.0
1996-06-20,0.0
1996-06-21,1.174
1996-06-22,8.888
1996-06-23,23.41
1996-06-24,21.963
1996-06-25,0.0
1996-06-26,29.314
1996-06-27,27.135
1996-06-28,0.0
1996-06-29,15.729
1996-06-30,42.548
1996-07-01,0.0
1996-07-02,0.0
1996-07-03,0.0
1996-07-04,0.0
1996-07-05,0.0
1996-07-06,0.0
1996-07-07,0.0
1996-07-08,0.0
1996-07-09,0.0
1996-07-10,0.0
1996-07-11,0.0
1996-07-12,0.0
1996-07-13,0.0
1996-07-14,0.0
1996-07-15,0.0
1996-07-16,0.0
1996-07-17,0.0
1996-07-18,0.0
1996-07-19,0.0
1996-07-20,0.0
1996-07-21,0.0
1996-07-22,0.0
1996-07-23,0.0
1996-07-24,0.0
1996-07-25,0.0
1996-07-26,0.0
1996-07-27,0.0
1996-07-28,312.725
1996-07-29,0.0
1996-07-30,0.0
1996-07-31,0.0
1996-08-01,0.0
1996-08-02,0.0
1996-08-03,0.0
1996-08-04,0.0
1996-08-05,0.0
1996-08-06,0.0
1996-08-07,0.0
1996-08-08,0.0
1996-08-09,0.0
1996-08-10,0.0
1996-08-11,0.0
1996-08-12,0.0
1996-08-13,0.0
1996-08-14,0.0
1996-08-15,0.0
1996-08-16,0.0
1996-08-17,0.0
1996-08-18,0.0
1996-08-19,0.0
1996-08-20,0.0
1996-08-21,0.0
1996-08-22,0.0
1996-08-23,0.0
1996-08-24,0.0
1996-08-25,0.0
1996-08-26,0.0
1996-08-27,0.0
1996-08-28,0.0
1996-08-29,0.0
1996-08-30,0.0
1996-08-31,137.836
1996-09-01,0.0
1996-09-02,0.0
1996-09-03,0.0
1996-09-04,0.0
1996-09-05,0.0
1996-09-06,0.0
1996-09-07,0.0
1996-09-08,0.0
1996-09-09,0.0
1996-09-10,0.0
1996-09-11,0.0
1996-09-12,0.0
1996-09-13,0.0
1996-09-14,0.0
1996-09-15,0.0
1996-09-16,0.0
1996-09-17,0.0
1996-09-18,0.0
1996-09-19,0.0
1996-09-20,179.427
1996-09-21,0.0
1996-09-22,0.0
1996-09-23,0.0
1996-09-24,12.953
1996-09-25,18.099
1996-09-26,22.346
1996-09-27,30.596
1996-09-28,35.648
1996-09-29,43.767
1996-09-30,0.0
1996-10-01,755.447
1996-10-02,106.543
1996-10-03,53.557
1996-10-04,229.633
1996-10-05,131.201
1996-10-06,119.556
1996-10-07,207.621
1996-10-08,161.695
1996-10-09,11.047
1996-10-10,76.982
1996-10-11,108.101
1996-10-12,10.146
1996-10-13,136.353
1996-10-14,170.38
1996-10-15,15.888
1996-10-16,21.051
1996-10-17,53.601
1996-10-18,43.277
1996-10-19,25.905
1996-10-20,146.342
1996-10-21,119.586
1996-10-22,122.869
1996-10-23,81.293
1996-10-24,5.306
1996-10-25,4.628
1996-10-26,97.396
1996-10-27,36.889
1996-10-28,21.032
1996-10-29,97.017
1996-10-30,0.619
1996-10-31,197.239
1996-11-01,68.056
1996-11-02,102.311
1996-11-03,0.0
1996-11-04,0.0
1996-11-05,190.552
1996-11-06,0.0
1996-11-07,38.521
1996-11-08,141.117
1996-11-09,75.475
1996-11-10,53.184
1996-11-11,33.945
1996-11-12,151.357
1996-11-13,81.259
1996-11-14,0.0
1996-11-15,33.62
1996-11-16,71.62
1996-11-17,74.51
1996-11-18,283.423
1996-11-19,2.369
1996-11-20,46.31
1996-11-21,0.0
1996-11-22,228.374
1996-11-23,18.191
1996-11-24,0.0
1996-11-25,33.142
1996-11-26,131.844
1996-11-27,97.793
1996-11-28,0.0
1996-11-29,0.0
1996-11-30,71.073
1996-12-01,137.461
1996-12-02,0.0
1996-12-03,236.721
1996-12-04,223.48
1996-12-05,9.041
1996-12-06,3.037
1996-12-07,73.034
1996-12-08,179.029
1996-12-09,87.317
1996-12-10,0.0
1996-12-11,123.533
1996-12-12,307.584
1996-12-13,178.701
1996-12-14,61.313
1996-12-15,33.209
1996-12-16,10.35
1996-12-17,44.726
1996-12-18,142.965
1996-12-19,216.09
1996-12-20,116.46
1996-12-21,118.735
1996-12-22,0.0
1996-12-23,10.392
1996-12-24,39.838
1996-12-25,33.433
1996-12-26,17.132
1996-12-27,19.905
1996-12-28,25.732
1996-12-29,14.597
1996-12-30,152.046
1996-12-31,0.0
1997-01-01,0.0
1997-01-02,0.0
1997-01-03,0.0
1997-01-04,0.0
1997-01-05,0.0
1997-01-06,30.154
1997-01-07,18.133
1997-01-08,47.116
1997-01-09,29.102
1997-01-10,33.089
1997-01-11,43.079
1997-01-12,8.07
1997-01-13,27.062
1997-01-14,0.0
1997-01-15,0.0
1997-01-16,0.0
1997-01-17,0.0
1997-01-18,15.036
1997-01-19,40.032
1997-01-20,10.029
1997-01-21,0.0
1997-01-22,0.0
1997-01-23,0.0
1997-01-24,27.02
1997-01-25,114.726
1997-01-26,315.017
1997-01-27,81.633
1997-01-28,55.014
1997-01-29,28.013
1997-01-30,44.012
1997-01-31,89.192
1997-02-01,70.01
1997-02-02,75.009
1997-02-03,41.009
1997-02-04,0.0
1997-02-05,0.0
1997-02-06,0.0
1997-02-07,10.007
1997-02-08,0.0
1997-02-09,0.0
1997-02-10,9.005
1997-02-11,33.005
1997-02-12,17.005
1997-02-13,0.0
1997-02-14,11.004
1997-02-15,20.004
1997-02-16,107.149
1997-02-17,293.004
1997-02-18,0.0
1997-02-19,107.148
1997-02-20,0.0
1997-02-21,0.0
1997-02-22,21.676
1997-02-23,14.314
1997-02-24,14.042
1997-02-25,78.627
1997-02-26,160.732
1997-02-27,378.556
1997-02-28,0.0
1997-03-01,0.0
1997-03-02,0.0
1997-03-03,39.271
1997-03-04,26.23
1997-03-05,239.695
1997-03-06,0.0
1997-03-07,0.0
1997-03-08,0.0
1997-03-09,0.0
1997-03-10,0.0
1997-03-11,0.0
1997-03-12,0.0
1997-03-13,0.0
1997-03-14,0.0
1997-03-15,0.0
1997-03-16,0.0
1997-03-17,0.0
1997-03-18,0.0
1997-03-19,0.0
1997-03-20,0.0
1997-03-21,0.0
1997-03-22,16.026
1997-03-23,51.023
1997-03-24,27.021
1997-03-25,24.019
1997-03-26,0.0
1997-03-27,42.016
1997-03-28,36.015
1997-03-29,38.014
1997-03-30,5.013
1997-03-31,0.0
1997-04-01,94.865
1997-04-02,82.573
1997-04-03,70.009
1997-04-04,43.009
1997-04-05,28.008
1997-04-06,23.007
1997-04-07,44.007
1997-04-08,8.007
1997-04-09,0.0
1997-04-10,36.006
1997-04-11,49.005
1997-04-12,14.005
1997-04-13,28.005
1997-04-14,32.004
1997-04-15,30.004
1997-04-16,47.004
1997-04-17,52.004
1997-04-18,1.003
1997-04-19,19.003
1997-04-20,49.003
1997-04-21,8.003
1997-04-22,0.0
1997-04-23,0.0
1997-04-24,2.002
1997-04-25,42.002
1997-04-26,49.002
1997-04-27,66.002
1997-04-28,0.0
1997-04-29,113.765
1997-04-30,34.002
1997-05-01,72.002
1997-05-02,71.002
1997-05-03,0.0
1997-05-04,0.0
1997-05-05,0.0
1997-05-06,25.001
1997-05-07,47.001
1997-05-08,0.001
1997-05-09,25.001
1997-05-10,0.0
1997-05-11,0.0
1997-05-12,0.0
1997-05-13,0.0
1997-05-14,1.001
1997-05-15,0.0
1997-05-16,1.001
1997-05-17,0.0
1997-05-18,141.183
1997-05-19,0.0
1997-05-20,0.0
1997-05-21,17.001
1997-05-22,15.001
1997-05-23,13.001
1997-05-24,138.346
1997-05-25,17.001
1997-05-26,0.0
1997-05-27,0.0
1997-05-28,13.001
1997-05-29,5.001
1997-05-30,23.0
1997-05-31,0.0
1997-06-01,0.0
1997-06-02,0.0
1997-06-03,0.0
1997-06-04,0.0
1997-06-05,28.0
1997-06-06,0.0
1997-06-07,14.0
1997-06-08,61.0
1997-06-09,28.0
1997-06-10,0.0
1997-06-11,6.0
1997-06-12,23.0
1997-06-13,5.0
1997-06-14,3.0
1997-06-15,51.0
1997-06-16,39.0
1997-06-17,43.0
1997-06-18,0.0
1997-06-19,14.0
1997-06-20,47.0
1997-06-21,38.0
1997-06-22,19.0
1997-06-23,50.0
1997-06-24,24.0
1997-06-25,0.0
1997-06-26,43.0
1997-06-27,33.0
1997-06-28,5.0
1997-06-29,8.0
1997-06-30,23.0
1997-07-01,0.0
1997-07-02,0.0
1997-07-03,0.0
1997-07-04,0.0
1997-07-05,0.0
1997-07-06,0.0
1997-07-07,0.0
1997-07-08,0.0
1997-07-09,0.0
1997-07-10,0.0
1997-07-11,0.0
1997-07-12,0.0
1997-07-13,0.0
1997-07-14,0.0
1997-07-15,0.0
1997-07-16,0.0
1997-07-17,0.0
1997-07-18,0.0
1997-07-19,0.0
1997-07-20,0.0
1997-07-21,0.0
1997-07-22,0.0
1997-07-23,0.0
1997-07-24,0.0
1997-07-25,0.0
1997-07-26,0.0
1997-07-27,0.0
1997-07-28,0.0
1997-07-29,0.0
1997-07-30,0.0
1997-07-31,0.0
1997-08-01,0.0
1997-08-02,0.0
1997-08-03,0.0
1997-08-04,0.0
1997-08-05,0.0
1997-08-06,0.0
1997-08-07,0.0
1997-08-08,0.0
1997-08-09,0.0
1997-08-10,0.0
1997-08-11,0.0
1997-08-12,0.0
1997-08-13,0.0
1997-08-14,0.0
1997-08-15,0.0
1997-08-16,0.0
1997-08-17,0.0
1997-08-18,0.0
1997-08-19,0.0
1997-08-20,0.0
1997-08-21,0.0
1997-08-22,0.0
1997-08-23,0.0
1997-08-24,0.0
1997-08-25,0.0
1997-08-26,0.0
1997-08-27,0.0
1997-08-28,0.0
1997-08-29,0.0
1997-08-30,0.0
1997-08-31,0.0
1997-09-01,0.0
1997-09-02,0.0
1997-09-03,40.4
1997-09-04,0.0
1997-09-05,0.0
1997-09-06,0.0
1997-09-07,0.0
1997-09-08,0.0
1997-09-09,0.0
1997-09-10,0.0
1997-09-11,0.0
1997-09-12,5.4
1997-09-13,0.0
1997-09-14,0.0
1997-09-15,0.0
1997-09-16,0.0
1997-09-17,0.0
1997-09-18,0.0
1997-09-19,0.0
1997-09-20,0.0
1997-09-21,0.0
1997-09-22,0.0
1997-09-23,0.0
1997-09-24,0.0
1997-09-25,0.0
1997-09-26,0.0
1997-09-27,0.0
1997-09-28,0.0
1997-09-29,0.0
1997-09-30,0.0
1997-10-01,0.0
1997-10-02,0.0
1997-10-03,0.0
1997-10-04,31.205
1997-10-05,14.0
1997-10-06,23.0
1997-10-07,241.4
1997-10-08,806.0
1997-10-09,0.0
1997-10-10,0.0
1997-10-11,3.0
1997-10-12,6.025
1997-10-13,12.252
1997-10-14,3.268
1997-10-15,0.0
1997-10-16,49.195
1997-10-17,54.167
1997-10-18,40.145
1997-10-19,120.501
1997-10-20,25.11
1997-10-21,108.182
1997-10-22,15.084
1997-10-23,14.075
1997-10-24,44.066
1997-10-25,56.059
1997-10-26,39.052
1997-10-27,20.047
1997-10-28,9.042
1997-10-29,95.836
1997-10-30,47.034
1997-10-31,30.031
1997-11-01,58.028
1997-11-02,63.025
1997-11-03,71.023
1997-11-04,135.529
1997-11-05,30.019
1997-11-06,109.998
1997-11-07,52.016
1997-11-08,37.015
1997-11-09,39.014
1997-11-10,0.0
1997-11-11,41.012
1997-11-12,109.992
1997-11-13,106.209
1997-11-14,62.009
1997-11-15,55.009
1997-11-16,0.0
1997-11-17,98.643
1997-11-18,75.007
1997-11-19,136.461
1997-11-20,0.0
1997-11-21,56.006
1997-11-22,0.0
1997-11-23,0.0
1997-11-24,0.0
1997-11-25,0.0
1997-11-26,75.949
1997-11-27,26.004
1997-11-28,0.0
1997-11-29,41.003
1997-11-30,0.0
1997-12-01,46.003
1997-12-02,0.0
1997-12-03,66.003
1997-12-04,1.003
1997-12-05,0.0
1997-12-06,0.0
1997-12-07,0.0
1997-12-08,14.002
1997-12-09,3.002
1997-12-10,0.0
1997-12-11,425.002
1997-12-12,365.071
1997-12-13,1047.476
1997-12-14,776.557
1997-12-15,433.853
1997-12-16,333.96
1997-12-17,113.454
1997-12-18,58.058
1997-12-19,29.752
1997-12-20,45.059
1997-12-21,9.553
1997-12-22,29.923
1997-12-23,1.962
1997-12-24,57.008
1997-12-25,186.262
1997-12-26,37.759
1997-12-27,45.103
1997-12-28,99.23
1997-12-29,0.0
1997-12-30,0.0
1997-12-31,0.0
1998-01-01,4.663
1998-01-02,0.543
1998-01-03,5.449
1998-01-04,0.0
1998-01-05,17.314
1998-01-06,9.265
1998-01-07,5.226
1998-01-08,0.0
1998-01-09,0.0
1998-01-10,44.144
1998-01-11,35.125
1998-01-12,97.794
1998-01-13,1.095
1998-01-14,10.084
1998-01-15,32.074
1998-01-16,94.917
1998-01-17,182.837
1998-01-18,7.052
1998-01-19,29.047
1998-01-20,0.0
1998-01-21,7.038
1998-01-22,40.034
1998-01-23,0.0
1998-01-24,0.0
1998-01-25,0.0
1998-01-26,0.0
1998-01-27,39.021
1998-01-28,326.991
1998-01-29,219.389
1998-01-30,390.344
1998-01-31,195.188
1998-02-01,1181.173
1998-02-02,467.291
1998-02-03,270.984
1998-02-04,164.43
1998-02-05,103.528
1998-02-06,42.36
1998-02-07,41.068
1998-02-08,33.219
1998-02-09,81.273
1998-02-10,153.311
1998-02-11,251.475
1998-02-12,622.66
1998-02-13,2465.26
1998-02-14,6320.446
1998-02-15,6396.072
1998-02-16,3748.269
1998-02-17,2286.461
1998-02-18,1159.067
1998-02-19,971.46
1998-02-20,675.321
1998-02-21,486.012
1998-02-22,300.736
1998-02-23,253.093
1998-02-24,175.851
1998-02-25,117.079
1998-02-26,89.79
1998-02-27,66.63
1998-02-28,116.886
1998-03-01,87.453
1998-03-02,77.87
1998-03-03,18.362
1998-03-04,12.653
1998-03-05,85.074
1998-03-06,3.984
1998-03-07,81.009
1998-03-08,0.0
1998-03-09,0.0
1998-03-10,16.56
1998-03-11,19.96
1998-03-12,0.0
1998-03-13,0.0
1998-03-14,0.0
1998-03-15,0.0
1998-03-16,32.627
1998-03-17,44.515
1998-03-18,0.0
1998-03-19,590.894
1998-03-20,18.304
1998-03-21,0.0
1998-03-22,12.053
1998-03-23,53.214
1998-03-24,56.83
1998-03-25,46.427
1998-03-26,33.128
1998-03-27,15.902
1998-03-28,0.0
1998-03-29,2.595
1998-03-30,0.49
1998-03-31,0.0
1998-04-01,5.34
1998-04-02,100.798
1998-04-03,0.0
1998-04-04,19.207
1998-04-05,27.178
1998-04-06,31.153
1998-04-07,9.133
1998-04-08,0.0
1998-04-09,5.101
1998-04-10,15.089
1998-04-11,28.078
1998-04-12,47.069
1998-04-13,15.062
1998-04-14,0.0
1998-04-15,0.0
1998-04-16,0.0
1998-04-17,0.0
1998-04-18,0.0
1998-04-19,0.991
1998-04-20,2.804
1998-04-21,4.411
1998-04-22,2.643
1998-04-23,48.722
1998-04-24,57.285
1998-04-25,12.0
1998-04-26,0.0
1998-04-27,0.0
1998-04-28,0.0
1998-04-29,62.043
1998-04-30,47.069
1998-05-01,2.845
1998-05-02,931.538
1998-05-03,1115.658
1998-05-04,1740.379
1998-05-05,5720.373
1998-05-06,5746.212
1998-05-07,4067.6
1998-05-08,4001.434
1998-05-09,2156.915
1998-05-10,1008.281
1998-05-11,547.696
1998-05-12,395.683
1998-05-13,243.46
1998-05-14,185.44
1998-05-15,121.77
1998-05-16,91.755
1998-05-17,198.271
1998-05-18,89.877
1998-05-19,56.837
1998-05-20,53.09
1998-05-21,49.961
1998-05-22,46.84
1998-05-23,41.942
1998-05-24,78.811
1998-05-25,30.793
1998-05-26,25.283
1998-05-27,20.586
1998-05-28,15.938
1998-05-29,46.14
1998-05-30,12.19
1998-05-31,20.855
1998-06-01,6.048
1998-06-02,24.682
1998-06-03,60.876
1998-06-04,25.483
1998-06-05,0.0
1998-06-06,0.0
1998-06-07,0.0
1998-06-08,0.0
1998-06-09,0.0
1998-06-10,0.0
1998-06-11,0.0
1998-06-12,32.494
1998-06-13,0.0
1998-06-14,0.0
1998-06-15,0.0
1998-06-16,30.206
1998-06-17,13.216
1998-06-18,0.411
1998-06-19,5.318
1998-06-20,4.681
1998-06-21,2.771
1998-06-22,10.588
1998-06-23,0.0
1998-06-24,0.145
1998-06-25,13.771
1998-06-26,37.371
1998-06-27,51.516
1998-06-28,44.107
1998-06-29,56.917
1998-06-30,0.909
1998-07-01,0.0
1998-07-02,0.0
1998-07-03,0.0
1998-07-04,0.0
1998-07-05,0.0
1998-07-06,0.0
1998-07-07,0.0
1998-07-08,0.0
1998-07-09,0.0
1998-07-10,0.0
1998-07-11,0.0
1998-07-12,0.0
1998-07-13,0.0
1998-07-14,0.0
1998-07-15,0.0
1998-07-16,0.0
1998-07-17,0.0
1998-07-18,0.0
1998-07-19,0.0
1998-07-20,0.0
1998-07-21,0.0
1998-07-22,0.0
1998-07-23,0.0
1998-07-24,0.0
1998-07-25,0.0
1998-07-26,0.0
1998-07-27,0.0
1998-07-28,0.0
1998-07-29,0.0
1998-07-30,0.0
1998-07-31,0.0
1998-08-01,0.0
1998-08-02,0.0
1998-08-03,0.0
1998-08-04,0.0
1998-08-05,0.0
1998-08-06,0.0
1998-08-07,52.249
1998-08-08,441.693
1998-08-09,547.065
1998-08-10,327.846
1998-08-11,141.069
1998-08-12,19.164
1998-08-13,0.0
1998-08-14,0.0
1998-08-15,0.0
1998-08-16,0.0
1998-08-17,0.0
1998-08-18,0.0
1998-08-19,0.0
1998-08-20,0.0
1998-08-21,0.0
1998-08-22,1.38
1998-08-23,0.0
1998-08-24,0.0
1998-08-25,0.0
1998-08-26,0.0
1998-08-27,20.794
1998-08-28,0.0
1998-08-29,0.0
1998-08-30,0.0
1998-08-31,0.0
1998-09-01,57.779
1998-09-02,77.63
1998-09-03,37.739
1998-09-04,24.346
1998-09-05,19.017
1998-09-06,38.766
1998-09-07,69.296
1998-09-08,65.615
1998-09-09,28.892
1998-09-10,26.08
1998-09-11,4.092
1998-09-12,245.529
1998-09-13,539.989
1998-09-14,1209.845
1998-09-15,2274.908
1998-09-16,1063.201
1998-09-17,2452.944
1998-09-18,3563.691
1998-09-19,1695.317
1998-09-20,1106.234
1998-09-21,608.023
1998-09-22,364.066
1998-09-23,247.741
1998-09-24,178.289
1998-09-25,337.298
1998-09-26,188.735
1998-09-27,211.677
1998-09-28,250.007
1998-09-29,406.29
1998-09-30,267.829
1998-10-01,204.331
1998-10-02,168.516
1998-10-03,120.901
1998-10-04,139.88
1998-10-05,142.251
1998-10-06,72.605
1998-10-07,63.274
1998-10-08,89.258
1998-10-09,73.076
1998-10-10,41.886
1998-10-11,85.427
1998-10-12,30.588
1998-10-13,132.528
1998-10-14,202.572
1998-10-15,81.127
1998-10-16,69.806
1998-10-17,62.791
1998-10-18,48.281
1998-10-19,56.652
1998-10-20,130.451
1998-10-21,30.988
1998-10-22,24.035
1998-10-23,69.054
1998-10-24,40.54
1998-10-25,11.594
1998-10-26,27.099
1998-10-27,163.282
1998-10-28,35.586
1998-10-29,5.356
1998-10-30,3.756
1998-10-31,2.906
1998-11-01,158.845
1998-11-02,114.425
1998-11-03,115.51
1998-11-04,0.0
1998-11-05,10.547
1998-11-06,73.919
1998-11-07,30.419
1998-11-08,0.0
1998-11-09,74.629
1998-11-10,0.0
1998-11-11,59.128
1998-11-12,44.902
1998-11-13,164.562
1998-11-14,862.106
1998-11-15,66.633
1998-11-16,86.247
1998-11-17,109.251
1998-11-18,105.859
1998-11-19,146.304
1998-11-20,31.396
1998-11-21,28.785
1998-11-22,67.832
1998-11-23,628.475
1998-11-24,411.496
1998-11-25,14.836
1998-11-26,12.333
1998-11-27,77.248
1998-11-28,244.08
1998-11-29,327.152
1998-11-30,282.909
1998-12-01,248.812
1998-12-02,119.415
1998-12-03,101.437
1998-12-04,105.383
1998-12-05,51.154
1998-12-06,38.475
1998-12-07,122.171
1998-12-08,75.481
1998-12-09,127.749
1998-12-10,24.473
1998-12-11,8.119
1998-12-12,75.483
1998-12-13,50.48
1998-12-14,93.804
1998-12-15,67.578
1998-12-16,34.971
1998-12-17,347.591
1998-12-18,610.269
1998-12-19,1155.238
1998-12-20,664.844
1998-12-21,2687.973
1998-12-22,922.944
1998-12-23,284.609
1998-12-24,128.628
1998-12-25,918.964
1998-12-26,235.471
1998-12-27,118.864
1998-12-28,213.907
1998-12-29,178.014
1998-12-30,91.255
1998-12-31,169.041
1999-01-01,128.092
1999-01-02,224.336
1999-01-03,149.978
1999-01-04,78.876
1999-01-05,161.371
1999-01-06,120.099
1999-01-07,93.119
1999-01-08,70.612
1999-01-09,66.056
1999-01-10,348.874
1999-01-11,785.577
1999-01-12,800.352
1999-01-13,1347.834
1999-01-14,1477.604
1999-01-15,1059.202
1999-01-16,603.599
1999-01-17,369.504
1999-01-18,213.402
1999-01-19,151.06
1999-01-20,146.662
1999-01-21,118.694
1999-01-22,84.31
1999-01-23,68.578
1999-01-24,60.35
1999-01-25,51.782
1999-01-26,43.564
1999-01-27,91.518
1999-01-28,75.869
1999-01-29,27.602
1999-01-30,187.546
1999-01-31,152.779
1999-02-01,137.337
1999-02-02,141.121
1999-02-03,0.0
1999-02-04,0.0
1999-02-05,0.0
1999-02-06,0.0
1999-02-07,658.877
1999-02-08,1201.542
1999-02-09,6318.514
1999-02-10,16959.658
1999-02-11,8260.364
1999-02-12,7911.252
1999-02-13,5116.244
1999-02-14,2892.521
1999-02-15,1688.958
1999-02-16,882.642
1999-02-17,605.644
1999-02-18,358.14
1999-02-19,359.709
1999-02-20,180.941
1999-02-21,139.689
1999-02-22,129.511
1999-02-23,122.821
1999-02-24,259.985
1999-02-25,86.319
1999-02-26,223.942
1999-02-27,278.581
1999-02-28,223.359
1999-03-01,35.301
1999-03-02,69.043
1999-03-03,463.024
1999-03-04,48.571
1999-03-05,452.871
1999-03-06,704.105
1999-03-07,774.533
1999-03-08,652.343
1999-03-09,482.694
1999-03-10,309.674
1999-03-11,173.187
1999-03-12,255.107
1999-03-13,167.511
1999-03-14,87.063
1999-03-15,183.582
1999-03-16,164.274
1999-03-17,94.365
1999-03-18,97.044
1999-03-19,102.23
1999-03-20,88.872
1999-03-21,105.586
1999-03-22,34.714
1999-03-23,24.325
1999-03-24,41.962
1999-03-25,29.512
1999-03-26,47.825
1999-03-27,15.187
1999-03-28,54.191
1999-03-29,25.662
1999-03-30,28.595
1999-03-31,38.434
1999-04-01,54.546
1999-04-02,57.084
1999-04-03,80.372
1999-04-04,35.63
1999-04-05,51.304
1999-04-06,6.14
1999-04-07,105.889
1999-04-08,13.424
1999-04-09,2.044
1999-04-10,32.069
1999-04-11,0.0
1999-04-12,16.789
1999-04-13,7.125
1999-04-14,27.644
1999-04-15,71.29
1999-04-16,12.024
1999-04-17,32.823
1999-04-18,86.977
1999-04-19,4.547
1999-04-20,4.452
1999-04-21,39.377
1999-04-22,59.316
1999-04-23,0.0
1999-04-24,0.0
1999-04-25,18.194
1999-04-26,0.0
1999-04-27,0.0
1999-04-28,52.125
1999-04-29,5.109
1999-04-30,0.0
1999-05-01,0.0
1999-05-02,0.0
1999-05-03,0.0
1999-05-04,0.0
1999-05-05,0.0
1999-05-06,0.0
1999-05-07,0.0
1999-05-08,0.0
1999-05-09,0.0
1999-05-10,0.0
1999-05-11,0.0
1999-05-12,49.417
1999-05-13,10.857
1999-05-14,25.094
1999-05-15,0.0
1999-05-16,0.553
1999-05-17,22.399
1999-05-18,43.888
1999-05-19,30.283
1999-05-20,159.315
1999-05-21,0.0
1999-05-22,0.0
1999-05-23,43.44
1999-05-24,40.137
1999-05-25,22.909
1999-05-26,38.734
1999-05-27,62.599
1999-05-28,67.493
1999-05-29,0.0
1999-05-30,17.342
1999-05-31,7.288
1999-06-01,18.245
1999-06-02,0.0
1999-06-03,0.0
1999-06-04,0.0
1999-06-05,0.0
1999-06-06,0.0
1999-06-07,25.102
1999-06-08,34.089
1999-06-09,95.884
1999-06-10,301.2
1999-06-11,116.058
1999-06-12,74.044
1999-06-13,7.945
1999-06-14,15.811
1999-06-15,8.221
1999-06-16,8.515
1999-06-17,14.78
1999-06-18,5.685
1999-06-19,17.457
1999-06-20,10.338
1999-06-21,82.477
1999-06-22,24.918
1999-06-23,89.387
1999-06-24,322.711
1999-06-25,0.0
1999-06-26,8.197
1999-06-27,36.611
1999-06-28,0.0
1999-06-29,0.543
1999-06-30,29.917
1999-07-01,0.0
1999-07-02,1029.752
1999-07-03,3.284
1999-07-04,37.201
1999-07-05,0.0
1999-07-06,0.0
1999-07-07,0.0
1999-07-08,0.0
1999-07-09,0.0
1999-07-10,0.0
1999-07-11,0.0
1999-07-12,0.0
1999-07-13,0.0
1999-07-14,0.0
1999-07-15,0.0
1999-07-16,0.0
1999-07-17,0.0
1999-07-18,0.0
1999-07-19,0.0
1999-07-20,0.0
1999-07-21,0.0
1999-07-22,0.0
1999-07-23,0.0
1999-07-24,98.668
1999-07-25,1014.323
1999-07-26,144.697
1999-07-27,129.629
1999-07-28,76.458
1999-07-29,0.0
1999-07-30,0.0
1999-07-31,0.0
1999-08-01,0.0
1999-08-02,0.0
1999-08-03,0.0
1999-08-04,0.0
1999-08-05,0.0
1999-08-06,0.0
1999-08-07,0.0
1999-08-08,0.0
1999-08-09,0.0
1999-08-10,0.0
1999-08-11,0.0
1999-08-12,0.0
1999-08-13,0.0
1999-08-14,8.47
1999-08-15,0.0
1999-08-16,0.0
1999-08-17,20.391
1999-08-18,42.328
1999-08-19,0.0
1999-08-20,66.235
1999-08-21,52.201
1999-08-22,0.0
1999-08-23,53.149
1999-08-24,47.129
1999-08-25,60.113
1999-08-26,35.099
1999-08-27,0.0
1999-08-28,60.076
1999-08-29,202.7
1999-08-30,62.06
1999-08-31,0.0
1999-09-01,73.462
1999-09-02,54.803
1999-09-03,93.811
1999-09-04,29.843
1999-09-05,7.75
1999-09-06,60.612
1999-09-07,50.503
1999-09-08,99.976
1999-09-09,51.349
1999-09-10,69.293
1999-09-11,250.144
1999-09-12,0.0
1999-09-13,90.299
1999-09-14,44.157
1999-09-15,38.136
1999-09-16,0.0
1999-09-17,100.162
1999-09-18,79.482
1999-09-19,26.487
1999-09-20,24.495
1999-09-21,164.855
1999-09-22,94.512
1999-09-23,37.535
1999-09-24,77.56
1999-09-25,101.109
1999-09-26,73.281
1999-09-27,80.215
1999-09-28,35.153
1999-09-29,3.323
1999-09-30,49.267
1999-10-01,97.523
1999-10-02,112.564
1999-10-03,143.823
1999-10-04,121.449
1999-10-05,0.0
1999-10-06,0.0
1999-10-07,67.855
1999-10-08,51.158
1999-10-09,0.0
1999-10-10,9.769
1999-10-11,13.451
1999-10-12,14.308
1999-10-13,44.188
1999-10-14,32.084
1999-10-15,70.97
1999-10-16,71.836
1999-10-17,26.826
1999-10-18,0.0
1999-10-19,60.098
1999-10-20,60.126
1999-10-21,3.671
1999-10-22,4.594
1999-10-23,4.876
1999-10-24,74.999
1999-10-25,38.128
1999-10-26,0.148
1999-10-27,0.0
1999-10-28,5.188
1999-10-29,57.343
1999-10-30,8.821
1999-10-31,4.461
1999-11-01,59.697
1999-11-02,0.0
1999-11-03,0.0
1999-11-04,0.0
1999-11-05,0.0
1999-11-06,0.0
1999-11-07,0.0
1999-11-08,284.99
1999-11-09,0.0
1999-11-10,0.0
1999-11-11,4.38
1999-11-12,21.401
1999-11-13,14.339
1999-11-14,9.728
1999-11-15,7.444
1999-11-16,36.799
1999-11-17,47.92
1999-11-18,3.341
1999-11-19,20.182
1999-11-20,24.484
1999-11-21,0.0
1999-11-22,74.318
1999-11-23,0.0
1999-11-24,73.067
1999-11-25,44.589
1999-11-26,5.373
1999-11-27,17.131
1999-11-28,22.762
1999-11-29,7.224
1999-11-30,5.646
1999-12-01,38.104
1999-12-02,30.25
1999-12-03,26.773
1999-12-04,65.519
1999-12-05,9.644
1999-12-06,48.021
1999-12-07,28.568
1999-12-08,2.233
1999-12-09,0.0
1999-12-10,60.79
1999-12-11,41.642
1999-12-12,0.0
1999-12-13,17.436
1999-12-14,2.364
1999-12-15,16.306
1999-12-16,0.0
1999-12-17,29.22
1999-12-18,0.0
1999-12-19,203.606
1999-12-20,113.729
1999-12-21,323.642
1999-12-22,372.295
1999-12-23,357.135
1999-12-24,243.339
1999-12-25,200.211
1999-12-26,83.504
1999-12-27,358.355
1999-12-28,47.29
1999-12-29,35.251
1999-12-30,85.704
1999-12-31,35.115
