Date,orders
1990-01-01,116.295
1990-01-02,115.058
1990-01-03,97.417
1990-01-04,97.12
1990-01-05,101.758
1990-01-06,105.61
1990-01-07,108.769
1990-01-08,110.264
1990-01-09,111.162
1990-01-10,113.307
1990-01-11,115.019
1990-01-12,116.373
1990-01-13,117.391
1990-01-14,117.821
1990-01-15,118.62
1990-01-16,119.18
1990-01-17,115.778
1990-01-18,112.931
1990-01-19,107.828
1990-01-20,105.253
1990-01-21,103.776
1990-01-22,103.247
1990-01-23,102.364
1990-01-24,100.338
1990-01-25,97.766
1990-01-26,96.668
1990-01-27,96.441
1990-01-28,97.263
1990-01-29,99.055
1990-01-30,100.762
1990-01-31,102.612
1990-02-01,105.516
1990-02-02,108.51
1990-02-03,109.922
1990-02-04,111.712
1990-02-05,113.393
1990-02-06,114.785
1990-02-07,115.884
1990-02-08,116.734
1990-02-09,117.451
1990-02-10,118.012
1990-02-11,118.471
1990-02-12,118.837
1990-02-13,119.118
1990-02-14,119.315
1990-02-15,118.417
1990-02-16,111.997
1990-02-17,113.67
1990-02-18,114.995
1990-02-19,116.063
1990-02-20,116.915
1990-02-21,117.584
1990-02-22,117.714
1990-02-23,118.12
1990-02-24,118.546
1990-02-25,118.655
1990-02-26,118.704
1990-02-27,118.77
1990-02-28,117.59
1990-03-01,119.544
1990-03-02,119.788
1990-03-03,119.972
1990-03-04,120.119
1990-03-05,117.71
1990-03-06,112.105
1990-03-07,103.756
1990-03-08,101.609
1990-03-09,89.747
1990-03-10,86.24
1990-03-11,92.265
1990-03-12,98.018
1990-03-13,102.601
1990-03-14,106.261
1990-03-15,109.11
1990-03-16,111.46
1990-03-17,112.402
1990-03-18,112.105
1990-03-19,110.923
1990-03-20,110.734
1990-03-21,111.622
1990-03-22,113.193
1990-03-23,114.72
1990-03-24,115.939
1990-03-25,116.798
1990-03-26,117.144
1990-03-27,115.574
1990-03-28,107.003
1990-03-29,95.77
1990-03-30,78.496
1990-03-31,66.321
1990-04-01,61.119
1990-04-02,10.116
1990-04-03,10.116
1990-04-04,10.116
1990-04-05,10.116
1990-04-06,10.116
1990-04-07,10.116
1990-04-08,10.116
1990-04-09,10.116
1990-04-10,10.116
1990-04-11,10.116
1990-04-12,10.116
1990-04-13,10.116
1990-04-14,10.116
1990-04-15,10.116
1990-04-16,10.116
1990-04-17,10.116
1990-04-18,10.116
1990-04-19,10.116
1990-04-20,10.116
1990-04-21,10.116
1990-04-22,10.116
1990-04-23,10.116
1990-04-24,10.116
1990-04-25,10.116
1990-04-26,10.116
1990-04-27,10.116
1990-04-28,10.116
1990-04-29,10.116
1990-04-30,10.116
1990-05-01,10.6
1990-05-02,10.6
1990-05-03,10.6
1990-05-04,10.6
1990-05-05,10.6
1990-05-06,10.6
1990-05-07,10.6
1990-05-08,10.6
1990-05-09,10.6
1990-05-10,10.6
1990-05-11,10.6
1990-05-12,10.6
1990-05-13,10.6
1990-05-14,10.6
1990-05-15,10.6
1990-05-16,10.6
1990-05-17,10.6
1990-05-18,10.6
1990-05-19,14.727
1990-05-20,31.667
1990-05-21,47.454
1990-05-22,59.887
1990-05-23,69.626
1990-05-24,61.198
1990-05-25,14.25
1990-05-26,10.6
1990-05-27,10.6
1990-05-28,10.6
1990-05-29,10.6
1990-05-30,10.6
1990-05-31,10.6
1990-06-01,9.684
1990-06-02,9.684
1990-06-03,9.684
1990-06-04,9.684
1990-06-05,9.684
1990-06-06,9.684
1990-06-07,9.684
1990-06-08,9.684
1990-06-09,9.684
1990-06-10,9.684
1990-06-11,9.684
1990-06-12,9.684
1990-06-13,9.684
1990-06-14,9.684
1990-06-15,9.684
1990-06-16,9.684
1990-06-17,9.684
1990-06-18,9.684
1990-06-19,9.684
1990-06-20,9.684
1990-06-21,9.684
1990-06-22,9.684
1990-06-23,9.684
1990-06-24,9.684
1990-06-25,9.684
1990-06-26,9.684
1990-06-27,9.684
1990-06-28,9.684
1990-06-29,9.684
1990-06-30,9.684
1990-07-01,7.473
1990-07-02,7.473
1990-07-03,7.473
1990-07-04,7.473
1990-07-05,7.473
1990-07-06,7.473
1990-07-07,7.473
1990-07-08,7.473
1990-07-09,7.473
1990-07-10,7.473
1990-07-11,7.473
1990-07-12,7.473
1990-07-13,7.473
1990-07-14,7.473
1990-07-15,7.473
1990-07-16,19.89
1990-07-17,31.987
1990-07-18,41.376
1990-07-19,54.469
1990-07-20,67.083
1990-07-21,77.181
1990-07-22,85.244
1990-07-23,91.702
1990-07-24,96.855
1990-07-25,100.986
1990-07-26,103.417
1990-07-27,104.348
1990-07-28,106.779
1990-07-29,108.618
1990-07-30,110.118
1990-07-31,110.504
1990-08-01,112.481
1990-08-02,112.267
1990-08-03,109.916
1990-08-04,107.551
1990-08-05,109.61
1990-08-06,103.527
1990-08-07,90.517
1990-08-08,70.201
1990-08-09,50.772
1990-08-10,34.968
1990-08-11,24.745
1990-08-12,20.018
1990-08-13,19.287
1990-08-14,22.134
1990-08-15,27.777
1990-08-16,35.84
1990-08-17,45.703
1990-08-18,55.882
1990-08-19,65.693
1990-08-20,73.158
1990-08-21,79.397
1990-08-22,86.571
1990-08-23,92.294
1990-08-24,96.786
1990-08-25,101.405
1990-08-26,105.108
1990-08-27,108.067
1990-08-28,110.405
1990-08-29,112.002
1990-08-30,112.038
1990-08-31,112.646
1990-09-01,167.978
1990-09-02,168.958
1990-09-03,172.344
1990-09-04,169.958
1990-09-05,169.771
1990-09-06,169.68
1990-09-07,161.682
1990-09-08,147.674
1990-09-09,139.505
1990-09-10,138.99
1990-09-11,142.2
1990-09-12,144.955
1990-09-13,148.449
1990-09-14,149.95
1990-09-15,151.499
1990-09-16,152.795
1990-09-17,153.926
1990-09-18,156.436
1990-09-19,158.019
1990-09-20,158.753
1990-09-21,156.27
1990-09-22,154.954
1990-09-23,151.646
1990-09-24,148.89
1990-09-25,150.699
1990-09-26,149.479
1990-09-27,150.582
1990-09-28,151.451
1990-09-29,147.576
1990-09-30,143.591
1990-10-01,145.064
1990-10-02,155.052
1990-10-03,151.599
1990-10-04,150.646
1990-10-05,149.926
1990-10-06,149.316
1990-10-07,127.705
1990-10-08,122.777
1990-10-09,117.257
1990-10-10,118.332
1990-10-11,118.463
1990-10-12,117.21
1990-10-13,118.936
1990-10-14,142.935
1990-10-15,146.053
1990-10-16,142.588
1990-10-17,123.018
1990-10-18,141.67
1990-10-19,123.482
1990-10-20,117.181
1990-10-21,106.888
1990-10-22,104.004
1990-10-23,120.695
1990-10-24,125.926
1990-10-25,140.845
1990-10-26,138.904
1990-10-27,138.386
1990-10-28,129.52
1990-10-29,125.54
1990-10-30,109.609
1990-10-31,109.762
1990-11-01,110.541
1990-11-02,108.696
1990-11-03,111.216
1990-11-04,117.131
1990-11-05,112.519
1990-11-06,91.988
1990-11-07,81.237
1990-11-08,72.476
1990-11-09,57.193
1990-11-10,96.939
1990-11-11,66.305
1990-11-12,77.373
1990-11-13,86.199
1990-11-14,98.26
1990-11-15,103.887
1990-11-16,108.391
1990-11-17,106.974
1990-11-18,109.835
1990-11-19,112.131
1990-11-20,113.951
1990-11-21,115.416
1990-11-22,116.574
1990-11-23,117.509
1990-11-24,118.243
1990-11-25,118.841
1990-11-26,119.306
1990-11-27,119.698
1990-11-28,119.999
1990-11-29,120.25
1990-11-30,120.439
1990-12-01,120.674
1990-12-02,120.794
1990-12-03,120.89
1990-12-04,120.967
1990-12-05,120.983
1990-12-06,118.726
1990-12-07,119.105
1990-12-08,119.51
1990-12-09,119.683
1990-12-10,120.01
1990-12-11,120.043
1990-12-12,117.722
1990-12-13,118.445
1990-12-14,119.022
1990-12-15,118.957
1990-12-16,117.354
1990-12-17,115.897
1990-12-18,116.516
1990-12-19,117.105
1990-12-20,117.953
1990-12-21,118.629
1990-12-22,119.18
1990-12-23,119.609
1990-12-24,119.877
1990-12-25,118.736
1990-12-26,67.358
1990-12-27,10.418
1990-12-28,9.311
1990-12-29,9.311
1990-12-30,9.311
1990-12-31,9.311
1991-01-01,9.258
1991-01-02,9.258
1991-01-03,9.258
1991-01-04,9.258
1991-01-05,9.258
1991-01-06,9.258
1991-01-07,9.258
1991-01-08,9.258
1991-01-09,9.258
1991-01-10,9.258
1991-01-11,9.258
1991-01-12,9.258
1991-01-13,9.258
1991-01-14,11.456
1991-01-15,25.469
1991-01-16,35.881
1991-01-17,44.083
1991-01-18,57.171
1991-01-19,69.31
1991-01-20,79.658
1991-01-21,87.739
1991-01-22,93.375
1991-01-23,96.509
1991-01-24,95.586
1991-01-25,79.137
1991-01-26,70.494
1991-01-27,21.589
1991-01-28,9.258
1991-01-29,9.258
1991-01-30,9.258
1991-01-31,9.258
1991-02-01,8.891
1991-02-02,8.891
1991-02-03,8.891
1991-02-04,8.891
1991-02-05,8.891
1991-02-06,8.891
1991-02-07,8.891
1991-02-08,8.891
1991-02-09,8.891
1991-02-10,8.891
1991-02-11,8.891
1991-02-12,8.891
1991-02-13,8.891
1991-02-14,8.891
1991-02-15,8.891
1991-02-16,8.891
1991-02-17,8.891
1991-02-18,8.891
1991-02-19,8.891
1991-02-20,8.891
1991-02-21,8.891
1991-02-22,8.891
1991-02-23,8.891
1991-02-24,8.891
1991-02-25,8.891
1991-02-26,8.891
1991-02-27,8.891
1991-02-28,8.891
1991-03-01,9.642
1991-03-02,9.642
1991-03-03,9.642
1991-03-04,9.642
1991-03-05,9.642
1991-03-06,20.706
1991-03-07,40.854
1991-03-08,56.966
1991-03-09,69.826
1991-03-10,79.991
1991-03-11,88.234
1991-03-12,94.807
1991-03-13,100.071
1991-03-14,104.264
1991-03-15,107.624
1991-03-16,110.307
1991-03-17,112.438
1991-03-18,114.151
1991-03-19,115.519
1991-03-20,116.6
1991-03-21,117.474
1991-03-22,118.16
1991-03-23,118.719
1991-03-24,119.165
1991-03-25,119.51
1991-03-26,119.797
1991-03-27,120.014
1991-03-28,120.19
1991-03-29,120.33
1991-03-30,120.28
1991-03-31,119.835
1991-04-01,118.746
1991-04-02,109.572
1991-04-03,111.641
1991-04-04,113.295
1991-04-05,114.585
1991-04-06,115.639
1991-04-07,116.482
1991-04-08,117.154
1991-04-09,110.784
1991-04-10,110.714
1991-04-11,112.548
1991-04-12,114.012
1991-04-13,115.182
1991-04-14,116.116
1991-04-15,116.863
1991-04-16,117.459
1991-04-17,117.924
1991-04-18,118.306
1991-04-19,118.611
1991-04-20,118.855
1991-04-21,119.05
1991-04-22,119.206
1991-04-23,119.33
1991-04-24,119.418
1991-04-25,119.5
1991-04-26,119.565
1991-04-27,119.626
1991-04-28,119.675
1991-04-29,119.715
1991-04-30,119.746
1991-05-01,120.57
1991-05-02,120.374
1991-05-03,120.217
1991-05-04,120.092
1991-05-05,120.022
1991-05-06,119.942
1991-05-07,119.878
1991-05-08,119.838
1991-05-09,119.795
1991-05-10,119.761
1991-05-11,119.733
1991-05-12,119.711
1991-05-13,119.694
1991-05-14,119.691
1991-05-15,119.677
1991-05-16,119.117
1991-05-17,118.333
1991-05-18,118.592
1991-05-19,118.8
1991-05-20,118.976
1991-05-21,118.996
1991-05-22,119.012
1991-05-23,119.061
1991-05-24,113.125
1991-05-25,93.898
1991-05-26,78.584
1991-05-27,64.442
1991-05-28,58.977
1991-05-29,61.525
1991-05-30,67.016
1991-05-31,72.536
1991-06-01,76.322
1991-06-02,80.734
1991-06-03,84.546
1991-06-04,88.256
1991-06-05,91.949
1991-06-06,91.405
1991-06-07,94.618
1991-06-08,96.869
1991-06-09,98.94
1991-06-10,100.418
1991-06-11,101.599
1991-06-12,103.016
1991-06-13,103.676
1991-06-14,103.913
1991-06-15,104.96
1991-06-16,106.069
1991-06-17,106.873
1991-06-18,107.515
1991-06-19,108.217
1991-06-20,109.818
1991-06-21,111.38
1991-06-22,112.819
1991-06-23,113.968
1991-06-24,114.876
1991-06-25,115.612
1991-06-26,116.201
1991-06-27,111.723
1991-06-28,105.437
1991-06-29,94.111
1991-06-30,74.278
1991-07-01,131.006
1991-07-02,128.363
1991-07-03,126.239
1991-07-04,124.553
1991-07-05,123.226
1991-07-06,122.151
1991-07-07,121.282
1991-07-08,120.598
1991-07-09,120.041
1991-07-10,119.607
1991-07-11,117.23
1991-07-12,117.349
1991-07-13,117.456
1991-07-14,117.53
1991-07-15,117.6
1991-07-16,117.645
1991-07-17,117.692
1991-07-18,117.719
1991-07-19,117.751
1991-07-20,117.766
1991-07-21,117.789
1991-07-22,117.796
1991-07-23,117.802
1991-07-24,117.268
1991-07-25,117.38
1991-07-26,117.48
1991-07-27,117.549
1991-07-28,117.616
1991-07-29,117.658
1991-07-30,117.702
1991-07-31,117.727
1991-08-01,120.963
1991-08-02,120.823
1991-08-03,120.712
1991-08-04,120.623
1991-08-05,120.552
1991-08-06,120.495
1991-08-07,120.45
1991-08-08,120.413
1991-08-09,120.385
1991-08-10,120.361
1991-08-11,120.343
1991-08-12,120.328
1991-08-13,120.316
1991-08-14,120.307
1991-08-15,120.3
1991-08-16,120.294
1991-08-17,120.289
1991-08-18,120.285
1991-08-19,120.282
1991-08-20,120.279
1991-08-21,120.277
1991-08-22,120.276
1991-08-23,120.275
1991-08-24,120.274
1991-08-25,120.273
1991-08-26,120.272
1991-08-27,120.272
1991-08-28,120.261
1991-08-29,120.253
1991-08-30,120.247
1991-08-31,120.241
1991-09-01,119.532
1991-09-02,119.737
1991-09-03,119.911
1991-09-04,119.568
1991-09-05,118.817
1991-09-06,118.158
1991-09-07,117.605
1991-09-08,117.498
1991-09-09,117.783
1991-09-10,118.0
1991-09-11,117.85
1991-09-12,117.694
1991-09-13,117.643
1991-09-14,117.814
1991-09-15,117.962
1991-09-16,118.005
1991-09-17,117.966
1991-09-18,117.6
1991-09-19,117.446
1991-09-20,117.556
1991-09-21,118.164
1991-09-22,118.65
1991-09-23,119.026
1991-09-24,119.338
1991-09-25,119.587
1991-09-26,119.785
1991-09-27,119.942
1991-09-28,120.079
1991-09-29,120.187
1991-09-30,120.274
1991-10-01,120.241
1991-10-02,129.791
1991-10-03,128.034
1991-10-04,126.642
1991-10-05,125.551
1991-10-06,124.666
1991-10-07,123.949
1991-10-08,123.19
1991-10-09,122.224
1991-10-10,121.999
1991-10-11,121.832
1991-10-12,121.687
1991-10-13,121.544
1991-10-14,121.419
1991-10-15,121.357
1991-10-16,121.319
1991-10-17,121.278
1991-10-18,121.256
1991-10-19,119.088
1991-10-20,119.496
1991-10-21,119.648
1991-10-22,118.979
1991-10-23,119.087
1991-10-24,119.344
1991-10-25,118.655
1991-10-26,117.944
1991-10-27,116.077
1991-10-28,113.315
1991-10-29,111.189
1991-10-30,111.11
1991-10-31,110.196
1991-11-01,108.492
1991-11-02,107.867
1991-11-03,107.558
1991-11-04,107.699
1991-11-05,108.054
1991-11-06,108.468
1991-11-07,109.164
1991-11-08,109.731
1991-11-09,110.456
1991-11-10,111.141
1991-11-11,113.092
1991-11-12,114.621
1991-11-13,115.597
1991-11-14,116.587
1991-11-15,117.44
1991-11-16,118.132
1991-11-17,118.634
1991-11-18,118.286
1991-11-19,118.807
1991-11-20,119.212
1991-11-21,119.546
1991-11-22,119.801
1991-11-23,120.016
1991-11-24,120.138
1991-11-25,120.285
1991-11-26,120.391
1991-11-27,120.496
1991-11-28,120.568
1991-11-29,120.076
1991-11-30,120.044
1991-12-01,119.466
1991-12-02,118.451
1991-12-03,116.429
1991-12-04,106.796
1991-12-05,103.013
1991-12-06,100.982
1991-12-07,98.611
1991-12-08,102.998
1991-12-09,99.079
1991-12-10,10.551
1991-12-11,9.311
1991-12-12,9.311
1991-12-13,9.311
1991-12-14,9.311
1991-12-15,9.311
1991-12-16,9.311
1991-12-17,9.311
1991-12-18,9.311
1991-12-19,9.311
1991-12-20,9.311
1991-12-21,9.311
1991-12-22,9.311
1991-12-23,9.311
1991-12-24,9.311
1991-12-25,9.311
1991-12-26,9.311
1991-12-27,9.311
1991-12-28,9.311
1991-12-29,9.311
1991-12-30,9.311
1991-12-31,9.311
1992-01-01,9.258
1992-01-02,9.258
1992-01-03,9.258
1992-01-04,9.258
1992-01-05,9.258
1992-01-06,9.258
1992-01-07,9.258
1992-01-08,9.258
1992-01-09,9.258
1992-01-10,9.258
1992-01-11,9.258
1992-01-12,9.258
1992-01-13,9.258
1992-01-14,9.258
1992-01-15,9.258
1992-01-16,9.258
1992-01-17,9.258
1992-01-18,9.258
1992-01-19,23.277
1992-01-20,43.035
1992-01-21,58.804
1992-01-22,71.413
1992-01-23,81.473
1992-01-24,89.507
1992-01-25,95.937
1992-01-26,101.06
1992-01-27,105.163
1992-01-28,108.212
1992-01-29,110.685
1992-01-30,111.169
1992-01-31,113.049
1992-02-01,110.033
1992-02-02,110.8
1992-02-03,111.093
1992-02-04,112.073
1992-02-05,112.458
1992-02-06,113.082
1992-02-07,113.581
1992-02-08,113.034
1992-02-09,113.531
1992-02-10,113.191
1992-02-11,111.759
1992-02-12,112.485
1992-02-13,90.06
1992-02-14,43.237
1992-02-15,34.664
1992-02-16,32.619
1992-02-17,37.597
1992-02-18,48.577
1992-02-19,58.601
1992-02-20,66.672
1992-02-21,73.219
1992-02-22,56.02
1992-02-23,8.584
1992-02-24,8.584
1992-02-25,8.584
1992-02-26,8.584
1992-02-27,8.584
1992-02-28,8.584
1992-02-29,8.584
1992-03-01,9.642
1992-03-02,9.642
1992-03-03,9.642
1992-03-04,9.642
1992-03-05,9.642
1992-03-06,9.642
1992-03-07,9.642
1992-03-08,9.642
1992-03-09,9.642
1992-03-10,9.642
1992-03-11,9.642
1992-03-12,9.642
1992-03-13,9.642
1992-03-14,9.642
1992-03-15,9.642
1992-03-16,9.642
1992-03-17,9.642
1992-03-18,9.642
1992-03-19,9.642
1992-03-20,9.642
1992-03-21,9.642
1992-03-22,9.642
1992-03-23,9.642
1992-03-24,9.642
1992-03-25,9.642
1992-03-26,9.642
1992-03-27,9.642
1992-03-28,9.642
1992-03-29,9.642
1992-03-30,9.642
1992-03-31,9.642
1992-04-01,10.116
1992-04-02,10.116
1992-04-03,10.116
1992-04-04,10.116
1992-04-05,10.116
1992-04-06,10.116
1992-04-07,10.116
1992-04-08,10.116
1992-04-09,10.116
1992-04-10,10.116
1992-04-11,10.116
1992-04-12,10.116
1992-04-13,10.116
1992-04-14,10.116
1992-04-15,10.116
1992-04-16,10.116
1992-04-17,10.116
1992-04-18,10.116
1992-04-19,10.116
1992-04-20,10.116
1992-04-21,10.116
1992-04-22,10.116
1992-04-23,10.116
1992-04-24,10.116
1992-04-25,10.116
1992-04-26,10.116
1992-04-27,10.116
1992-04-28,10.116
1992-04-29,10.116
1992-04-30,10.116
1992-05-01,10.6
1992-05-02,10.6
1992-05-03,10.6
1992-05-04,10.6
1992-05-05,10.6
1992-05-06,10.6
1992-05-07,10.6
1992-05-08,10.6
1992-05-09,18.243
1992-05-10,29.601
1992-05-11,41.989
1992-05-12,55.9
1992-05-13,67.277
1992-05-14,75.727
1992-05-15,81.899
1992-05-16,86.364
1992-05-17,89.147
1992-05-18,91.372
1992-05-19,92.684
1992-05-20,75.353
1992-05-21,50.095
1992-05-22,26.294
1992-05-23,10.6
1992-05-24,10.6
1992-05-25,10.6
1992-05-26,10.6
1992-05-27,10.6
1992-05-28,10.6
1992-05-29,10.6
1992-05-30,10.6
1992-05-31,10.6
1992-06-01,9.684
1992-06-02,9.684
1992-06-03,9.684
1992-06-04,9.684
1992-06-05,9.684
1992-06-06,9.684
1992-06-07,9.684
1992-06-08,9.684
1992-06-09,9.684
1992-06-10,9.684
1992-06-11,9.684
1992-06-12,9.684
1992-06-13,12.828
1992-06-14,29.069
1992-06-15,45.355
1992-06-16,58.295
1992-06-17,68.776
1992-06-18,76.726
1992-06-19,81.854
1992-06-20,85.576
1992-06-21,89.131
1992-06-22,92.718
1992-06-23,95.87
1992-06-24,99.147
1992-06-25,101.671
1992-06-26,103.795
1992-06-27,97.737
1992-06-28,89.184
1992-06-29,76.109
1992-06-30,45.679
1992-07-01,128.151
1992-07-02,124.547
1992-07-03,121.926
1992-07-04,119.942
1992-07-05,118.787
1992-07-06,118.073
1992-07-07,117.575
1992-07-08,117.139
1992-07-09,116.668
1992-07-10,116.601
1992-07-11,116.472
1992-07-12,116.555
1992-07-13,116.722
1992-07-14,116.867
1992-07-15,116.982
1992-07-16,117.074
1992-07-17,117.137
1992-07-18,116.978
1992-07-19,116.41
1992-07-20,116.284
1992-07-21,116.282
1992-07-22,115.92
1992-07-23,115.482
1992-07-24,115.021
1992-07-25,114.566
1992-07-26,114.067
1992-07-27,114.001
1992-07-28,114.32
1992-07-29,114.713
1992-07-30,115.075
1992-07-31,115.55
1992-08-01,119.135
1992-08-02,119.22
1992-08-03,119.067
1992-08-04,119.091
1992-08-05,119.196
1992-08-06,119.269
1992-08-07,118.887
1992-08-08,118.392
1992-08-09,118.489
1992-08-10,118.703
1992-08-11,118.875
1992-08-12,118.938
1992-08-13,119.036
1992-08-14,119.141
1992-08-15,119.225
1992-08-16,119.292
1992-08-17,119.356
1992-08-18,119.397
1992-08-19,119.429
1992-08-20,119.455
1992-08-21,119.487
1992-08-22,119.501
1992-08-23,119.512
1992-08-24,119.522
1992-08-25,118.839
1992-08-26,118.984
1992-08-27,119.099
1992-08-28,119.181
1992-08-29,119.257
1992-08-30,119.307
1992-08-31,119.273
1992-09-01,118.333
1992-09-02,118.339
1992-09-03,117.717
1992-09-04,148.789
1992-09-05,84.046
1992-09-06,58.999
1992-09-07,28.844
1992-09-08,18.326
1992-09-09,10.287
1992-09-10,10.287
1992-09-11,10.287
1992-09-12,10.287
1992-09-13,10.287
1992-09-14,11.266
1992-09-15,10.287
1992-09-16,10.287
1992-09-17,10.287
1992-09-18,10.287
1992-09-19,10.287
1992-09-20,10.287
1992-09-21,11.741
1992-09-22,31.011
1992-09-23,46.803
1992-09-24,43.519
1992-09-25,55.899
1992-09-26,69.104
1992-09-27,79.883
1992-09-28,83.869
1992-09-29,91.043
1992-09-30,96.73
1992-10-01,101.079
1992-10-02,114.392
1992-10-03,115.639
1992-10-04,116.635
1992-10-05,117.473
1992-10-06,117.538
1992-10-07,118.157
1992-10-08,118.652
1992-10-09,119.058
1992-10-10,119.371
1992-10-11,119.583
1992-10-12,119.79
1992-10-13,119.967
1992-10-14,120.097
1992-10-15,120.2
1992-10-16,120.283
1992-10-17,120.361
1992-10-18,120.411
1992-10-19,119.736
1992-10-20,118.86
1992-10-21,119.224
1992-10-22,118.937
1992-10-23,119.274
1992-10-24,119.544
1992-10-25,119.77
1992-10-26,119.94
1992-10-27,120.075
1992-10-28,120.174
1992-10-29,119.732
1992-10-30,118.522
1992-10-31,118.933
1992-11-01,118.65
1992-11-02,117.548
1992-11-03,117.423
1992-11-04,118.079
1992-11-05,118.572
1992-11-06,118.27
1992-11-07,115.544
1992-11-08,112.985
1992-11-09,107.731
1992-11-10,104.48
1992-11-11,106.369
1992-11-12,104.358
1992-11-13,98.279
1992-11-14,97.782
1992-11-15,98.048
1992-11-16,100.904
1992-11-17,100.162
1992-11-18,97.587
1992-11-19,98.212
1992-11-20,100.279
1992-11-21,103.294
1992-11-22,103.727
1992-11-23,104.844
1992-11-24,104.536
1992-11-25,100.619
1992-11-26,100.401
1992-11-27,90.816
1992-11-28,89.773
1992-11-29,77.004
1992-11-30,51.073
1992-12-01,38.557
1992-12-02,36.767
1992-12-03,43.665
1992-12-04,56.654
1992-12-05,67.9
1992-12-06,76.726
1992-12-07,83.694
1992-12-08,89.437
1992-12-09,94.259
1992-12-10,99.577
1992-12-11,103.251
1992-12-12,105.186
1992-12-13,106.929
1992-12-14,106.716
1992-12-15,103.996
1992-12-16,103.807
1992-12-17,105.986
1992-12-18,108.943
1992-12-19,111.346
1992-12-20,113.035
1992-12-21,114.425
1992-12-22,115.581
1992-12-23,116.646
1992-12-24,117.496
1992-12-25,118.174
1992-12-26,118.715
1992-12-27,118.863
1992-12-28,118.06
1992-12-29,117.605
1992-12-30,115.767
1992-12-31,113.678
1993-01-01,111.423
1993-01-02,109.189
1993-01-03,108.067
1993-01-04,107.56
1993-01-05,105.916
1993-01-06,103.276
1993-01-07,100.868
1993-01-08,98.82
1993-01-09,96.377
1993-01-10,90.568
1993-01-11,87.926
1993-01-12,83.656
1993-01-13,82.027
1993-01-14,77.527
1993-01-15,76.783
1993-01-16,77.935
1993-01-17,79.624
1993-01-18,82.283
1993-01-19,85.54
1993-01-20,88.816
1993-01-21,91.892
1993-01-22,94.739
1993-01-23,97.377
1993-01-24,99.862
1993-01-25,102.048
1993-01-26,104.085
1993-01-27,106.175
1993-01-28,107.987
1993-01-29,109.059
1993-01-30,109.455
1993-01-31,108.905
1993-02-01,107.514
1993-02-02,107.38
1993-02-03,107.011
1993-02-04,105.279
1993-02-05,103.834
1993-02-06,106.979
1993-02-07,108.946
1993-02-08,107.089
1993-02-09,108.687
1993-02-10,104.055
1993-02-11,98.171
1993-02-12,93.199
1993-02-13,94.518
1993-02-14,99.539
1993-02-15,103.55
1993-02-16,103.069
1993-02-17,101.835
1993-02-18,105.045
1993-02-19,107.874
1993-02-20,110.195
1993-02-21,112.019
1993-02-22,113.517
1993-02-23,112.446
1993-02-24,110.523
1993-02-25,107.916
1993-02-26,106.875
1993-02-27,108.398
1993-02-28,108.547
1993-03-01,90.159
1993-03-02,51.912
1993-03-03,21.414
1993-03-04,22.771
1993-03-05,34.484
1993-03-06,49.473
1993-03-07,58.468
1993-03-08,64.071
1993-03-09,66.819
1993-03-10,73.69
1993-03-11,80.028
1993-03-12,82.97
1993-03-13,80.378
1993-03-14,70.947
1993-03-15,69.612
1993-03-16,73.975
1993-03-17,83.389
1993-03-18,73.515
1993-03-19,64.006
1993-03-20,53.107
1993-03-21,49.131
1993-03-22,54.654
1993-03-23,64.447
1993-03-24,74.442
1993-03-25,83.842
1993-03-26,91.349
1993-03-27,97.347
1993-03-28,102.115
1993-03-29,103.86
1993-03-30,104.575
1993-03-31,105.529
1993-04-01,108.853
1993-04-02,101.762
1993-04-03,105.472
1993-04-04,108.436
1993-04-05,110.772
1993-04-06,112.661
1993-04-07,114.181
1993-04-08,115.384
1993-04-09,116.344
1993-04-10,117.111
1993-04-11,117.723
1993-04-12,118.223
1993-04-13,118.611
1993-04-14,118.921
1993-04-15,119.169
1993-04-16,119.366
1993-04-17,119.535
1993-04-18,119.659
1993-04-19,119.758
1993-04-20,119.837
1993-04-21,119.9
1993-04-22,119.961
1993-04-23,119.999
1993-04-24,120.029
1993-04-25,120.054
1993-04-26,120.073
1993-04-27,120.109
1993-04-28,120.126
1993-04-29,120.14
1993-04-30,120.152
1993-05-01,120.961
1993-05-02,120.719
1993-05-03,120.526
1993-05-04,120.372
1993-05-05,120.279
1993-05-06,120.169
1993-05-07,120.093
1993-05-08,120.031
1993-05-09,119.983
1993-05-10,119.932
1993-05-11,119.904
1993-05-12,119.88
1993-05-13,119.862
1993-05-14,116.769
1993-05-15,114.115
1993-05-16,114.688
1993-05-17,115.713
1993-05-18,116.532
1993-05-19,117.175
1993-05-20,116.283
1993-05-21,115.287
1993-05-22,114.207
1993-05-23,115.234
1993-05-24,116.138
1993-05-25,116.872
1993-05-26,117.458
1993-05-27,117.927
1993-05-28,118.279
1993-05-29,118.571
1993-05-30,118.731
1993-05-31,118.71
1993-06-01,117.606
1993-06-02,117.653
1993-06-03,117.791
1993-06-04,116.84
1993-06-05,117.147
1993-06-06,117.427
1993-06-07,117.262
1993-06-08,116.196
1993-06-09,115.069
1993-06-10,113.593
1993-06-11,112.024
1993-06-12,109.552
1993-06-13,108.132
1993-06-14,107.576
1993-06-15,105.797
1993-06-16,101.728
1993-06-17,98.298
1993-06-18,93.464
1993-06-19,89.518
1993-06-20,86.54
1993-06-21,84.361
1993-06-22,81.188
1993-06-23,79.988
1993-06-24,77.693
1993-06-25,75.87
1993-06-26,74.4
1993-06-27,58.614
1993-06-28,34.075
1993-06-29,9.684
1993-06-30,9.684
1993-07-01,83.302
1993-07-02,88.782
1993-07-03,93.014
1993-07-04,96.473
1993-07-05,99.231
1993-07-06,101.45
1993-07-07,103.298
1993-07-08,104.553
1993-07-09,105.302
1993-07-10,106.341
1993-07-11,106.792
1993-07-12,104.328
1993-07-13,98.688
1993-07-14,91.298
1993-07-15,82.379
1993-07-16,75.399
1993-07-17,72.648
1993-07-18,75.986
1993-07-19,80.874
1993-07-20,86.106
1993-07-21,90.1
1993-07-22,91.935
1993-07-23,92.87
1993-07-24,93.205
1993-07-25,90.065
1993-07-26,92.509
1993-07-27,95.314
1993-07-28,97.482
1993-07-29,98.754
1993-07-30,99.266
1993-07-31,99.581
1993-08-01,103.5
1993-08-02,101.607
1993-08-03,99.894
1993-08-04,98.053
1993-08-05,95.553
1993-08-06,93.921
1993-08-07,93.657
1993-08-08,94.119
1993-08-09,94.761
1993-08-10,95.179
1993-08-11,96.092
1993-08-12,96.148
1993-08-13,95.343
1993-08-14,95.467
1993-08-15,97.728
1993-08-16,101.33
1993-08-17,105.071
1993-08-18,108.05
1993-08-19,110.429
1993-08-20,112.342
1993-08-21,113.859
1993-08-22,115.071
1993-08-23,116.05
1993-08-24,116.821
1993-08-25,117.438
1993-08-26,117.941
1993-08-27,118.332
1993-08-28,118.487
1993-08-29,118.769
1993-08-30,118.983
1993-08-31,118.823
1993-09-01,118.325
1993-09-02,115.925
1993-09-03,112.856
1993-09-04,111.013
1993-09-05,109.997
1993-09-06,110.154
1993-09-07,111.035
1993-09-08,112.194
1993-09-09,112.571
1993-09-10,112.21
1993-09-11,112.667
1993-09-12,113.893
1993-09-13,115.061
1993-09-14,115.9
1993-09-15,116.534
1993-09-16,115.391
1993-09-17,112.769
1993-09-18,108.778
1993-09-19,105.685
1993-09-20,102.457
1993-09-21,101.19
1993-09-22,100.756
1993-09-23,101.354
1993-09-24,102.538
1993-09-25,103.567
1993-09-26,101.427
1993-09-27,96.15
1993-09-28,94.015
1993-09-29,92.971
1993-09-30,93.552
1993-10-01,94.483
1993-10-02,109.146
1993-10-03,111.473
1993-10-04,113.331
1993-10-05,114.846
1993-10-06,115.522
1993-10-07,116.257
1993-10-08,117.157
1993-10-09,117.876
1993-10-10,118.439
1993-10-11,118.9
1993-10-12,119.267
1993-10-13,119.335
1993-10-14,119.615
1993-10-15,119.788
1993-10-16,119.977
1993-10-17,120.089
1993-10-18,120.104
1993-10-19,120.217
1993-10-20,120.058
1993-10-21,120.154
1993-10-22,118.955
1993-10-23,119.122
1993-10-24,117.45
1993-10-25,116.221
1993-10-26,115.956
1993-10-27,115.932
1993-10-28,116.875
1993-10-29,117.641
1993-10-30,118.252
1993-10-31,117.832
1993-11-01,116.107
1993-11-02,114.855
1993-11-03,105.086
1993-11-04,95.583
1993-11-05,86.058
1993-11-06,77.716
1993-11-07,77.473
1993-11-08,81.79
1993-11-09,86.794
1993-11-10,90.887
1993-11-11,92.2
1993-11-12,93.02
1993-11-13,93.972
1993-11-14,94.377
1993-11-15,94.744
1993-11-16,96.869
1993-11-17,98.746
1993-11-18,98.64
1993-11-19,97.829
1993-11-20,97.435
1993-11-21,97.963
1993-11-22,98.895
1993-11-23,100.159
1993-11-24,101.755
1993-11-25,103.075
1993-11-26,101.579
1993-11-27,97.241
1993-11-28,95.29
1993-11-29,96.092
1993-11-30,98.804
1993-12-01,102.102
1993-12-02,105.5
1993-12-03,108.579
1993-12-04,111.038
1993-12-05,113.032
1993-12-06,114.525
1993-12-07,114.42
1993-12-08,115.645
1993-12-09,116.048
1993-12-10,114.696
1993-12-11,205.437
1993-12-12,206.514
1993-12-13,205.86
1993-12-14,205.16
1993-12-15,114.872
1993-12-16,148.929
1993-12-17,68.528
1993-12-18,71.698
1993-12-19,117.425
1993-12-20,127.401
1993-12-21,109.432
1993-12-22,96.298
1993-12-23,98.013
1993-12-24,93.158
1993-12-25,93.724
1993-12-26,104.191
1993-12-27,121.255
1993-12-28,131.677
1993-12-29,122.843
1993-12-30,108.988
1993-12-31,112.377
1994-01-01,110.043
1994-01-02,111.87
1994-01-03,113.837
1994-01-04,115.419
1994-01-05,116.67
1994-01-06,117.679
1994-01-07,118.473
1994-01-08,119.117
1994-01-09,119.507
1994-01-10,119.451
1994-01-11,119.886
1994-01-12,117.934
1994-01-13,111.04
1994-01-14,101.857
1994-01-15,95.942
1994-01-16,99.534
1994-01-17,103.991
1994-01-18,107.486
1994-01-19,110.339
1994-01-20,112.102
1994-01-21,113.605
1994-01-22,115.234
1994-01-23,116.522
1994-01-24,115.546
1994-01-25,116.77
1994-01-26,117.759
1994-01-27,118.537
1994-01-28,119.035
1994-01-29,119.084
1994-01-30,119.512
1994-01-31,119.917
1994-02-01,119.225
1994-02-02,118.676
1994-02-03,118.811
1994-02-04,113.14
1994-02-05,107.672
1994-02-06,77.609
1994-02-07,54.267
1994-02-08,39.093
1994-02-09,35.075
1994-02-10,37.301
1994-02-11,46.42
1994-02-12,53.83
1994-02-13,55.583
1994-02-14,58.698
1994-02-15,66.728
1994-02-16,73.427
1994-02-17,77.835
1994-02-18,80.873
1994-02-19,83.879
1994-02-20,87.415
1994-02-21,90.073
1994-02-22,90.566
1994-02-23,94.364
1994-02-24,98.047
1994-02-25,101.514
1994-02-26,104.371
1994-02-27,106.459
1994-02-28,108.218
1994-03-01,111.346
1994-03-02,108.386
1994-03-03,96.592
1994-03-04,48.906
1994-03-05,9.642
1994-03-06,9.642
1994-03-07,9.642
1994-03-08,9.642
1994-03-09,9.642
1994-03-10,9.642
1994-03-11,9.642
1994-03-12,9.642
1994-03-13,9.642
1994-03-14,9.642
1994-03-15,9.642
1994-03-16,9.642
1994-03-17,9.642
1994-03-18,9.642
1994-03-19,9.642
1994-03-20,9.642
1994-03-21,9.642
1994-03-22,9.642
1994-03-23,9.642
1994-03-24,9.642
1994-03-25,9.642
1994-03-26,9.642
1994-03-27,9.642
1994-03-28,10.783
1994-03-29,30.196
1994-03-30,45.822
1994-03-31,58.606
1994-04-01,67.067
1994-04-02,63.54
1994-04-03,68.254
1994-04-04,69.954
1994-04-05,75.123
1994-04-06,79.363
1994-04-07,81.653
1994-04-08,83.059
1994-04-09,83.601
1994-04-10,84.915
1994-04-11,87.043
1994-04-12,89.695
1994-04-13,92.377
1994-04-14,92.535
1994-04-15,94.19
1994-04-16,95.652
1994-04-17,97.865
1994-04-18,100.429
1994-04-19,102.614
1994-04-20,102.723
1994-04-21,104.321
1994-04-22,105.929
1994-04-23,108.078
1994-04-24,110.408
1994-04-25,112.281
1994-04-26,113.728
1994-04-27,114.897
1994-04-28,114.805
1994-04-29,115.645
1994-04-30,116.463
1994-05-01,116.201
1994-05-02,115.17
1994-05-03,114.229
1994-05-04,113.872
1994-05-05,114.19
1994-05-06,114.904
1994-05-07,115.474
1994-05-08,116.297
1994-05-09,116.965
1994-05-10,117.499
1994-05-11,117.926
1994-05-12,118.256
1994-05-13,118.531
1994-05-14,118.751
1994-05-15,118.915
1994-05-16,119.058
1994-05-17,119.171
1994-05-18,119.262
1994-05-19,119.324
1994-05-20,119.384
1994-05-21,119.432
1994-05-22,119.46
1994-05-23,119.02
1994-05-24,118.574
1994-05-25,118.785
1994-05-26,118.943
1994-05-27,119.08
1994-05-28,118.989
1994-05-29,119.095
1994-05-30,119.191
1994-05-31,119.078
1994-06-01,117.189
1994-06-02,116.783
1994-06-03,115.513
1994-06-04,114.121
1994-06-05,112.977
1994-06-06,114.083
1994-06-07,114.957
1994-06-08,115.655
1994-06-09,115.99
1994-06-10,116.343
1994-06-11,116.763
1994-06-12,117.098
1994-06-13,117.366
1994-06-14,117.591
1994-06-15,117.76
1994-06-16,117.895
1994-06-17,118.003
1994-06-18,118.09
1994-06-19,118.17
1994-06-20,118.222
1994-06-21,118.265
1994-06-22,118.299
1994-06-23,118.337
1994-06-24,118.356
1994-06-25,118.371
1994-06-26,118.384
1994-06-27,113.891
1994-06-28,107.88
1994-06-29,98.86
1994-06-30,80.804
1994-07-01,131.006
1994-07-02,128.309
1994-07-03,126.154
1994-07-04,122.761
1994-07-05,117.438
1994-07-06,109.985
1994-07-07,80.832
1994-07-08,11.638
1994-07-09,7.473
1994-07-10,7.473
1994-07-11,7.473
1994-07-12,7.473
1994-07-13,7.473
1994-07-14,7.473
1994-07-15,7.473
1994-07-16,7.473
1994-07-17,7.473
1994-07-18,7.473
1994-07-19,7.473
1994-07-20,7.473
1994-07-21,7.473
1994-07-22,7.473
1994-07-23,7.473
1994-07-24,7.473
1994-07-25,7.473
1994-07-26,7.473
1994-07-27,7.473
1994-07-28,7.473
1994-07-29,7.473
1994-07-30,7.473
1994-07-31,7.473
1994-08-01,10.678
1994-08-02,10.678
1994-08-03,10.678
1994-08-04,10.678
1994-08-05,10.678
1994-08-06,10.678
1994-08-07,10.678
1994-08-08,10.678
1994-08-09,10.678
1994-08-10,10.678
1994-08-11,10.678
1994-08-12,10.678
1994-08-13,10.678
1994-08-14,10.678
1994-08-15,10.678
1994-08-16,10.678
1994-08-17,10.678
1994-08-18,10.678
1994-08-19,10.678
1994-08-20,10.678
1994-08-21,10.678
1994-08-22,10.678
1994-08-23,10.678
1994-08-24,10.678
1994-08-25,10.678
1994-08-26,10.678
1994-08-27,10.678
1994-08-28,10.678
1994-08-29,10.678
1994-08-30,10.678
1994-08-31,10.678
1994-09-01,10.287
1994-09-02,10.287
1994-09-03,10.287
1994-09-04,10.287
1994-09-05,10.287
1994-09-06,10.287
1994-09-07,10.287
1994-09-08,10.287
1994-09-09,10.287
1994-09-10,10.287
1994-09-11,10.287
1994-09-12,10.287
1994-09-13,10.287
1994-09-14,10.287
1994-09-15,10.287
1994-09-16,10.287
1994-09-17,10.287
1994-09-18,10.287
1994-09-19,10.287
1994-09-20,10.287
1994-09-21,10.287
1994-09-22,10.287
1994-09-23,10.287
1994-09-24,10.287
1994-09-25,10.287
1994-09-26,10.287
1994-09-27,10.287
1994-09-28,10.287
1994-09-29,10.287
1994-09-30,10.287
1994-10-01,9.868
1994-10-02,10.328
1994-10-03,9.868
1994-10-04,9.868
1994-10-05,9.868
1994-10-06,9.868
1994-10-07,9.868
1994-10-08,9.868
1994-10-09,9.868
1994-10-10,9.868
1994-10-11,9.868
1994-10-12,9.868
1994-10-13,9.868
1994-10-14,9.868
1994-10-15,9.868
1994-10-16,9.868
1994-10-17,9.868
1994-10-18,9.868
1994-10-19,9.868
1994-10-20,9.868
1994-10-21,9.868
1994-10-22,9.868
1994-10-23,9.868
1994-10-24,9.868
1994-10-25,9.868
1994-10-26,9.868
1994-10-27,9.868
1994-10-28,9.868
1994-10-29,9.868
1994-10-30,9.868
1994-10-31,9.868
1994-11-01,9.558
1994-11-02,9.558
1994-11-03,9.558
1994-11-04,9.558
1994-11-05,9.558
1994-11-06,9.558
1994-11-07,9.558
1994-11-08,9.558
1994-11-09,9.558
1994-11-10,9.558
1994-11-11,9.558
1994-11-12,9.558
1994-11-13,9.558
1994-11-14,9.558
1994-11-15,9.558
1994-11-16,9.558
1994-11-17,9.558
1994-11-18,9.558
1994-11-19,9.558
1994-11-20,9.558
1994-11-21,9.558
1994-11-22,9.558
1994-11-23,9.558
1994-11-24,9.558
1994-11-25,9.558
1994-11-26,9.558
1994-11-27,9.558
1994-11-28,9.558
1994-11-29,9.558
1994-11-30,9.558
1994-12-01,9.311
1994-12-02,9.311
1994-12-03,9.311
1994-12-04,9.311
1994-12-05,9.311
1994-12-06,9.311
1994-12-07,9.311
1994-12-08,9.311
1994-12-09,9.311
1994-12-10,9.311
1994-12-11,9.311
1994-12-12,9.311
1994-12-13,9.311
1994-12-14,9.311
1994-12-15,9.311
1994-12-16,9.311
1994-12-17,9.311
1994-12-18,9.311
1994-12-19,9.311
1994-12-20,9.311
1994-12-21,9.311
1994-12-22,9.311
1994-12-23,9.311
1994-12-24,9.311
1994-12-25,9.311
1994-12-26,9.311
1994-12-27,9.311
1994-12-28,9.311
1994-12-29,9.311
1994-12-30,9.311
1994-12-31,9.311
1995-01-01,9.258
1995-01-02,9.258
1995-01-03,9.258
1995-01-04,9.258
1995-01-05,9.258
1995-01-06,9.258
1995-01-07,9.258
1995-01-08,9.258
1995-01-09,9.258
1995-01-10,9.258
1995-01-11,9.258
1995-01-12,9.258
1995-01-13,9.258
1995-01-14,9.258
1995-01-15,9.258
1995-01-16,9.258
1995-01-17,9.258
1995-01-18,9.258
1995-01-19,9.258
1995-01-20,9.258
1995-01-21,9.258
1995-01-22,9.258
1995-01-23,9.258
1995-01-24,9.258
1995-01-25,9.258
1995-01-26,9.258
1995-01-27,9.258
1995-01-28,9.258
1995-01-29,9.258
1995-01-30,9.258
1995-01-31,9.258
1995-02-01,8.891
1995-02-02,8.891
1995-02-03,8.891
1995-02-04,8.891
1995-02-05,8.891
1995-02-06,8.891
1995-02-07,8.891
1995-02-08,8.891
1995-02-09,8.891
1995-02-10,8.891
1995-02-11,8.891
1995-02-12,8.891
1995-02-13,8.891
1995-02-14,8.891
1995-02-15,8.891
1995-02-16,8.891
1995-02-17,8.891
1995-02-18,8.891
1995-02-19,8.891
1995-02-20,8.891
1995-02-21,8.891
1995-02-22,8.891
1995-02-23,8.891
1995-02-24,8.891
1995-02-25,8.891
1995-02-26,8.891
1995-02-27,8.891
1995-02-28,8.891
1995-03-01,9.642
1995-03-02,9.642
1995-03-03,9.642
1995-03-04,9.642
1995-03-05,9.642
1995-03-06,9.642
1995-03-07,9.642
1995-03-08,9.642
1995-03-09,9.642
1995-03-10,9.642
1995-03-11,9.642
1995-03-12,9.642
1995-03-13,9.642
1995-03-14,9.642
1995-03-15,9.642
1995-03-16,9.642
1995-03-17,9.642
1995-03-18,9.642
1995-03-19,9.642
1995-03-20,9.642
1995-03-21,9.642
1995-03-22,9.642
1995-03-23,9.642
1995-03-24,9.642
1995-03-25,9.642
1995-03-26,9.642
1995-03-27,9.642
1995-03-28,9.642
1995-03-29,9.642
1995-03-30,9.642
1995-03-31,9.642
1995-04-01,48.208
1995-04-02,49.689
1995-04-03,60.833
1995-04-04,69.003
1995-04-05,76.816
1995-04-06,84.116
1995-04-07,89.867
1995-04-08,94.546
1995-04-09,98.475
1995-04-10,101.815
1995-04-11,104.85
1995-04-12,107.369
1995-04-13,109.487
1995-04-14,109.562
1995-04-15,109.715
1995-04-16,110.302
1995-04-17,110.857
1995-04-18,111.79
1995-04-19,112.566
1995-04-20,113.249
1995-04-21,114.078
1995-04-22,114.845
1995-04-23,115.447
1995-04-24,116.022
1995-04-25,116.588
1995-04-26,116.933
1995-04-27,117.032
1995-04-28,115.782
1995-04-29,115.829
1995-04-30,113.04
1995-05-01,112.541
1995-05-02,110.995
1995-05-03,109.664
1995-05-04,108.884
1995-05-05,106.414
1995-05-06,105.442
1995-05-07,98.648
1995-05-08,87.582
1995-05-09,72.064
1995-05-10,44.202
1995-05-11,10.6
1995-05-12,10.6
1995-05-13,10.6
1995-05-14,10.6
1995-05-15,10.6
1995-05-16,10.6
1995-05-17,10.6
1995-05-18,10.6
1995-05-19,10.6
1995-05-20,10.6
1995-05-21,10.6
1995-05-22,10.6
1995-05-23,10.6
1995-05-24,10.6
1995-05-25,10.6
1995-05-26,10.6
1995-05-27,10.6
1995-05-28,10.6
1995-05-29,10.6
1995-05-30,10.6
1995-05-31,10.6
1995-06-01,9.684
1995-06-02,9.684
1995-06-03,9.684
1995-06-04,9.684
1995-06-05,9.684
1995-06-06,9.684
1995-06-07,9.684
1995-06-08,9.684
1995-06-09,9.684
1995-06-10,9.684
1995-06-11,9.684
1995-06-12,9.684
1995-06-13,9.684
1995-06-14,9.684
1995-06-15,9.684
1995-06-16,9.684
1995-06-17,9.684
1995-06-18,9.684
1995-06-19,9.684
1995-06-20,9.684
1995-06-21,9.684
1995-06-22,9.684
1995-06-23,9.684
1995-06-24,9.684
1995-06-25,9.684
1995-06-26,9.684
1995-06-27,9.684
1995-06-28,9.684
1995-06-29,9.684
1995-06-30,9.684
1995-07-01,7.473
1995-07-02,7.473
1995-07-03,7.473
1995-07-04,7.473
1995-07-05,7.473
1995-07-06,7.473
1995-07-07,7.473
1995-07-08,7.473
1995-07-09,7.473
1995-07-10,7.473
1995-07-11,7.473
1995-07-12,7.473
1995-07-13,7.473
1995-07-14,7.473
1995-07-15,7.473
1995-07-16,7.473
1995-07-17,7.473
1995-07-18,7.473
1995-07-19,7.473
1995-07-20,7.473
1995-07-21,7.473
1995-07-22,7.473
1995-07-23,7.473
1995-07-24,7.473
1995-07-25,7.473
1995-07-26,7.473
1995-07-27,7.473
1995-07-28,7.473
1995-07-29,7.473
1995-07-30,7.473
1995-07-31,7.473
1995-08-01,10.678
1995-08-02,10.678
1995-08-03,10.678
1995-08-04,10.678
1995-08-05,10.678
1995-08-06,10.678
1995-08-07,10.678
1995-08-08,10.678
1995-08-09,10.678
1995-08-10,10.678
1995-08-11,10.678
1995-08-12,10.678
1995-08-13,10.678
1995-08-14,10.678
1995-08-15,10.678
1995-08-16,10.678
1995-08-17,10.678
1995-08-18,10.678
1995-08-19,10.678
1995-08-20,10.678
1995-08-21,10.678
1995-08-22,10.678
1995-08-23,10.678
1995-08-24,10.678
1995-08-25,10.678
1995-08-26,10.678
1995-08-27,10.678
1995-08-28,10.678
1995-08-29,10.678
1995-08-30,10.678
1995-08-31,10.678
1995-09-01,10.287
1995-09-02,10.287
1995-09-03,10.287
1995-09-04,10.287
1995-09-05,10.287
1995-09-06,10.287
1995-09-07,10.287
1995-09-08,10.287
1995-09-09,10.287
1995-09-10,10.287
1995-09-11,10.287
1995-09-12,10.287
1995-09-13,10.287
1995-09-14,10.287
1995-09-15,10.287
1995-09-16,10.287
1995-09-17,10.287
1995-09-18,10.287
1995-09-19,10.287
1995-09-20,10.287
1995-09-21,10.287
1995-09-22,10.287
1995-09-23,10.287
1995-09-24,10.287
1995-09-25,10.287
1995-09-26,10.287
1995-09-27,10.287
1995-09-28,10.287
1995-09-29,10.287
1995-09-30,10.287
1995-10-01,9.868
1995-10-02,9.868
1995-10-03,9.868
1995-10-04,9.868
1995-10-05,9.868
1995-10-06,9.868
1995-10-07,9.868
1995-10-08,9.868
1995-10-09,9.868
1995-10-10,9.868
1995-10-11,9.868
1995-10-12,9.868
1995-10-13,9.868
1995-10-14,9.868
1995-10-15,9.868
1995-10-16,9.868
1995-10-17,9.868
1995-10-18,9.868
1995-10-19,9.868
1995-10-20,9.868
1995-10-21,9.868
1995-10-22,9.868
1995-10-23,9.868
1995-10-24,9.868
1995-10-25,9.868
1995-10-26,9.868
1995-10-27,9.868
1995-10-28,9.868
1995-10-29,9.868
1995-10-30,9.868
1995-10-31,9.868
1995-11-01,9.558
1995-11-02,9.558
1995-11-03,9.558
1995-11-04,9.558
1995-11-05,9.558
1995-11-06,9.558
1995-11-07,9.558
1995-11-08,9.558
1995-11-09,9.558
1995-11-10,9.558
1995-11-11,9.558
1995-11-12,9.558
1995-11-13,9.558
1995-11-14,9.558
1995-11-15,9.558
1995-11-16,9.558
1995-11-17,9.558
1995-11-18,9.558
1995-11-19,9.558
1995-11-20,9.558
1995-11-21,9.558
1995-11-22,9.558
1995-11-23,9.558
1995-11-24,9.558
1995-11-25,9.558
1995-11-26,9.558
1995-11-27,9.558
1995-11-28,9.558
1995-11-29,9.558
1995-11-30,9.558
1995-12-01,9.311
1995-12-02,9.311
1995-12-03,9.311
1995-12-04,9.311
1995-12-05,25.384
1995-12-06,36.257
1995-12-07,33.46
1995-12-08,46.391
1995-12-09,60.339
1995-12-10,71.389
1995-12-11,135.033
1995-12-12,133.726
1995-12-13,70.602
1995-12-14,62.618
1995-12-15,33.04
1995-12-16,32.279
1995-12-17,38.806
1995-12-18,49.781
1995-12-19,58.699
1995-12-20,64.525
1995-12-21,70.682
1995-12-22,79.949
1995-12-23,147.699
1995-12-24,93.606
1995-12-25,132.584
1995-12-26,180.711
1995-12-27,96.323
1995-12-28,190.794
1995-12-29,100.383
1995-12-30,194.414
1995-12-31,106.288
1996-01-01,109.089
1996-01-02,94.9
1996-01-03,96.423
1996-01-04,95.812
1996-01-05,91.543
1996-01-06,9.258
1996-01-07,9.258
1996-01-08,9.258
1996-01-09,9.258
1996-01-10,9.258
1996-01-11,9.258
1996-01-12,9.258
1996-01-13,9.258
1996-01-14,9.258
1996-01-15,9.258
1996-01-16,9.258
1996-01-17,9.258
1996-01-18,9.258
1996-01-19,9.258
1996-01-20,9.258
1996-01-21,9.258
1996-01-22,9.258
1996-01-23,9.258
1996-01-24,9.258
1996-01-25,9.258
1996-01-26,9.258
1996-01-27,9.258
1996-01-28,9.258
1996-01-29,9.258
1996-01-30,9.258
1996-01-31,14.991
1996-02-01,11.438
1996-02-02,8.584
1996-02-03,8.584
1996-02-04,8.584
1996-02-05,8.584
1996-02-06,8.584
1996-02-07,8.584
1996-02-08,8.584
1996-02-09,8.584
1996-02-10,8.584
1996-02-11,8.584
1996-02-12,8.584
1996-02-13,8.584
1996-02-14,8.584
1996-02-15,8.584
1996-02-16,8.584
1996-02-17,8.584
1996-02-18,8.584
1996-02-19,8.584
1996-02-20,8.584
1996-02-21,8.584
1996-02-22,8.584
1996-02-23,8.584
1996-02-24,8.584
1996-02-25,8.584
1996-02-26,8.584
1996-02-27,8.584
1996-02-28,8.584
1996-02-29,8.584
1996-03-01,9.642
1996-03-02,9.642
1996-03-03,9.642
1996-03-04,9.642
1996-03-05,9.642
1996-03-06,9.642
1996-03-07,9.642
1996-03-08,9.642
1996-03-09,19.161
1996-03-10,27.847
1996-03-11,34.559
1996-03-12,45.648
1996-03-13,59.511
1996-03-14,70.48
1996-03-15,79.243
1996-03-16,86.527
1996-03-17,92.052
1996-03-18,96.477
1996-03-19,96.631
1996-03-20,97.583
1996-03-21,101.857
1996-03-22,105.368
1996-03-23,107.396
1996-03-24,109.864
1996-03-25,112.108
1996-03-26,113.91
1996-03-27,115.349
1996-03-28,116.487
1996-03-29,116.723
1996-03-30,117.112
1996-03-31,117.896
1996-04-01,118.684
1996-04-02,109.557
1996-04-03,111.663
1996-04-04,113.24
1996-04-05,114.386
1996-04-06,115.136
1996-04-07,116.007
1996-04-08,116.809
1996-04-09,117.449
1996-04-10,117.949
1996-04-11,118.285
1996-04-12,118.617
1996-04-13,118.892
1996-04-14,119.113
1996-04-15,119.278
1996-04-16,118.948
1996-04-17,119.157
1996-04-18,119.313
1996-04-19,119.449
1996-04-20,119.557
1996-04-21,119.632
1996-04-22,119.704
1996-04-23,119.714
1996-04-24,119.329
1996-04-25,117.786
1996-04-26,116.801
1996-04-27,115.816
1996-04-28,113.525
1996-04-29,111.065
1996-04-30,110.781
1996-05-01,110.995
1996-05-02,107.046
1996-05-03,99.969
1996-05-04,10.6
1996-05-05,10.6
1996-05-06,10.6
1996-05-07,10.6
1996-05-08,10.6
1996-05-09,10.6
1996-05-10,10.6
1996-05-11,10.6
1996-05-12,10.6
1996-05-13,10.6
1996-05-14,10.6
1996-05-15,10.6
1996-05-16,10.6
1996-05-17,10.6
1996-05-18,10.6
1996-05-19,10.6
1996-05-20,10.6
1996-05-21,10.6
1996-05-22,10.6
1996-05-23,10.6
1996-05-24,10.6
1996-05-25,10.6
1996-05-26,10.6
1996-05-27,10.6
1996-05-28,10.6
1996-05-29,10.6
1996-05-30,10.6
1996-05-31,10.6
1996-06-01,9.684
1996-06-02,9.684
1996-06-03,9.684
1996-06-04,9.684
1996-06-05,9.684
1996-06-06,9.684
1996-06-07,11.807
1996-06-08,20.769
1996-06-09,33.357
1996-06-10,48.419
1996-06-11,62.032
1996-06-12,73.023
1996-06-13,81.894
1996-06-14,88.704
1996-06-15,93.96
1996-06-16,94.207
1996-06-17,91.289
1996-06-18,91.492
1996-06-19,96.473
1996-06-20,100.362
1996-06-21,103.576
1996-06-22,106.135
1996-06-23,108.381
1996-06-24,110.165
1996-06-25,111.685
1996-06-26,112.817
1996-06-27,114.691
1996-06-28,116.077
1996-06-29,116.536
1996-06-30,116.63
1996-07-01,136.274
1996-07-02,136.726
1996-07-03,137.199
1996-07-04,137.763
1996-07-05,138.25
1996-07-06,138.538
1996-07-07,138.776
1996-07-08,138.956
1996-07-09,138.884
1996-07-10,139.117
1996-07-11,139.303
1996-07-12,139.462
1996-07-13,139.579
1996-07-14,139.672
1996-07-15,139.746
1996-07-16,139.806
1996-07-17,139.865
1996-07-18,139.9
1996-07-19,139.929
1996-07-20,139.952
1996-07-21,139.97
1996-07-22,139.996
1996-07-23,140.005
1996-07-24,140.013
1996-07-25,140.019
1996-07-26,140.023
1996-07-27,140.038
1996-07-28,138.795
1996-07-29,137.155
1996-07-30,133.076
1996-07-31,123.498
1996-08-01,106.579
1996-08-02,99.636
1996-08-03,101.061
1996-08-04,107.93
1996-08-05,113.852
1996-08-06,118.783
1996-08-07,122.819
1996-08-08,126.037
1996-08-09,127.842
1996-08-10,130.399
1996-08-11,132.417
1996-08-12,134.019
1996-08-13,135.421
1996-08-14,136.456
1996-08-15,137.431
1996-08-16,138.111
1996-08-17,138.754
1996-08-18,139.093
1996-08-19,138.98
1996-08-20,138.889
1996-08-21,139.238
1996-08-22,139.432
1996-08-23,139.635
1996-08-24,139.934
1996-08-25,140.259
1996-08-26,140.508
1996-08-27,140.706
1996-08-28,140.901
1996-08-29,140.933
1996-08-30,140.638
1996-08-31,140.686
1996-09-01,138.665
1996-09-02,138.908
1996-09-03,139.253
1996-09-04,137.446
1996-09-05,133.019
1996-09-06,130.612
1996-09-07,129.959
1996-09-08,130.848
1996-09-09,132.018
1996-09-10,133.153
1996-09-11,134.437
1996-09-12,135.558
1996-09-13,136.358
1996-09-14,137.091
1996-09-15,137.583
1996-09-16,138.259
1996-09-17,138.693
1996-09-18,138.956
1996-09-19,139.639
1996-09-20,140.109
1996-09-21,140.56
1996-09-22,139.506
1996-09-23,138.472
1996-09-24,138.485
1996-09-25,139.263
1996-09-26,138.655
1996-09-27,139.034
1996-09-28,139.713
1996-09-29,140.256
1996-09-30,140.222
1996-10-01,137.577
1996-10-02,200.92
1996-10-03,230.992
1996-10-04,234.978
1996-10-05,232.925
1996-10-06,140.583
1996-10-07,119.287
1996-10-08,73.475
1996-10-09,66.777
1996-10-10,71.798
1996-10-11,82.364
1996-10-12,93.15
1996-10-13,102.728
1996-10-14,109.424
1996-10-15,115.921
1996-10-16,121.384
1996-10-17,125.761
1996-10-18,129.245
1996-10-19,131.711
1996-10-20,132.704
1996-10-21,133.477
1996-10-22,133.916
1996-10-23,139.636
1996-10-24,141.333
1996-10-25,142.7
1996-10-26,138.213
1996-10-27,139.201
1996-10-28,139.966
1996-10-29,140.589
1996-10-30,141.075
1996-10-31,141.436
1996-11-01,139.817
1996-11-02,140.597
1996-11-03,141.208
1996-11-04,140.847
1996-11-05,141.37
1996-11-06,141.357
1996-11-07,138.935
1996-11-08,136.622
1996-11-09,135.35
1996-11-10,135.596
1996-11-11,135.416
1996-11-12,135.095
1996-11-13,134.827
1996-11-14,134.719
1996-11-15,134.81
1996-11-16,135.166
1996-11-17,135.745
1996-11-18,137.328
1996-11-19,138.066
1996-11-20,139.181
1996-11-21,139.992
1996-11-22,139.998
1996-11-23,138.976
1996-11-24,139.352
1996-11-25,140.112
1996-11-26,140.825
1996-11-27,141.394
1996-11-28,141.847
1996-11-29,142.219
1996-11-30,142.505
1996-12-01,142.88
1996-12-02,142.97
1996-12-03,143.042
1996-12-04,143.099
1996-12-05,142.879
1996-12-06,142.787
1996-12-07,142.903
1996-12-08,142.957
1996-12-09,142.454
1996-12-10,142.488
1996-12-11,142.588
1996-12-12,141.742
1996-12-13,134.34
1996-12-14,132.1
1996-12-15,125.412
1996-12-16,113.551
1996-12-17,109.343
1996-12-18,110.487
1996-12-19,115.224
1996-12-20,115.783
1996-12-21,118.228
1996-12-22,119.897
1996-12-23,121.796
1996-12-24,123.124
1996-12-25,124.939
1996-12-26,126.105
1996-12-27,127.32
1996-12-28,128.006
1996-12-29,128.837
1996-12-30,129.217
1996-12-31,129.241
1997-01-01,128.135
1997-01-02,129.328
1997-01-03,128.3
1997-01-04,130.458
1997-01-05,129.159
1997-01-06,129.81
1997-01-07,132.136
1997-01-08,133.391
1997-01-09,134.05
1997-01-10,135.131
1997-01-11,136.761
1997-01-12,137.684
1997-01-13,138.61
1997-01-14,139.632
1997-01-15,140.436
1997-01-16,141.089
1997-01-17,141.61
1997-01-18,142.026
1997-01-19,142.347
1997-01-20,142.614
1997-01-21,142.827
1997-01-22,142.958
1997-01-23,143.102
1997-01-24,143.205
1997-01-25,143.298
1997-01-26,143.373
1997-01-27,143.356
1997-01-28,142.593
1997-01-29,142.788
1997-01-30,142.49
1997-01-31,142.557
1997-02-01,141.4
1997-02-02,141.565
1997-02-03,141.686
1997-02-04,141.043
1997-02-05,141.192
1997-02-06,141.384
1997-02-07,141.526
1997-02-08,141.639
1997-02-09,141.741
1997-02-10,141.811
1997-02-11,141.878
1997-02-12,141.92
1997-02-13,141.889
1997-02-14,141.929
1997-02-15,140.487
1997-02-16,139.938
1997-02-17,140.371
1997-02-18,140.577
1997-02-19,138.64
1997-02-20,138.348
1997-02-21,138.725
1997-02-22,134.221
1997-02-23,132.503
1997-02-24,132.169
1997-02-25,132.798
1997-02-26,134.04
1997-02-27,135.23
1997-02-28,135.15
1997-03-01,136.102
1997-03-02,137.156
1997-03-03,138.282
1997-03-04,139.181
1997-03-05,139.987
1997-03-06,140.251
1997-03-07,138.908
1997-03-08,135.7
1997-03-09,135.818
1997-03-10,136.285
1997-03-11,137.141
1997-03-12,137.435
1997-03-13,138.048
1997-03-14,138.643
1997-03-15,139.201
1997-03-16,139.931
1997-03-17,140.524
1997-03-18,140.987
1997-03-19,141.356
1997-03-20,141.662
1997-03-21,141.896
1997-03-22,142.082
1997-03-23,142.242
1997-03-24,142.281
1997-03-25,141.936
1997-03-26,142.125
1997-03-27,142.265
1997-03-28,142.366
1997-03-29,142.457
1997-03-30,142.519
1997-03-31,142.569
1997-04-01,142.713
1997-04-02,132.63
1997-04-03,134.476
1997-04-04,134.164
1997-04-05,135.574
1997-04-06,136.918
1997-04-07,137.992
1997-04-08,138.85
1997-04-09,139.523
1997-04-10,140.073
1997-04-11,140.511
1997-04-12,140.861
1997-04-13,141.141
1997-04-14,141.364
1997-04-15,141.543
1997-04-16,141.685
1997-04-17,141.788
1997-04-18,141.881
1997-04-19,141.955
1997-04-20,141.979
1997-04-21,142.034
1997-04-22,141.967
1997-04-23,142.024
1997-04-24,142.058
1997-04-25,142.097
1997-04-26,142.128
1997-04-27,142.164
1997-04-28,142.192
1997-04-29,142.215
1997-04-30,142.159
1997-05-01,142.978
1997-05-02,142.584
1997-05-03,142.417
1997-05-04,142.294
1997-05-05,142.075
1997-05-06,141.326
1997-05-07,140.706
1997-05-08,140.304
1997-05-09,138.999
1997-05-10,139.559
1997-05-11,140.017
1997-05-12,139.049
1997-05-13,137.625
1997-05-14,137.043
1997-05-15,136.956
1997-05-16,137.181
1997-05-17,137.484
1997-05-18,135.836
1997-05-19,136.18
1997-05-20,135.16
1997-05-21,134.99
1997-05-22,135.315
1997-05-23,135.68
1997-05-24,135.829
1997-05-25,134.922
1997-05-26,133.938
1997-05-27,134.001
1997-05-28,134.236
1997-05-29,131.952
1997-05-30,129.378
1997-05-31,129.013
1997-06-01,127.785
1997-06-02,125.573
1997-06-03,125.695
1997-06-04,125.415
1997-06-05,124.87
1997-06-06,126.733
1997-06-07,127.655
1997-06-08,127.731
1997-06-09,128.189
1997-06-10,128.819
1997-06-11,121.571
1997-06-12,118.802
1997-06-13,116.375
1997-06-14,116.748
1997-06-15,115.703
1997-06-16,115.246
1997-06-17,114.975
1997-06-18,114.684
1997-06-19,115.187
1997-06-20,115.495
1997-06-21,116.687
1997-06-22,116.316
1997-06-23,117.154
1997-06-24,117.729
1997-06-25,121.592
1997-06-26,125.247
1997-06-27,116.803
1997-06-28,107.432
1997-06-29,92.419
1997-06-30,62.362
1997-07-01,128.074
1997-07-02,125.722
1997-07-03,124.065
1997-07-04,122.74
1997-07-05,121.712
1997-07-06,120.253
1997-07-07,119.03
1997-07-08,118.733
1997-07-09,118.411
1997-07-10,118.227
1997-07-11,117.82
1997-07-12,117.532
1997-07-13,117.339
1997-07-14,116.539
1997-07-15,116.137
1997-07-16,116.336
1997-07-17,116.569
1997-07-18,116.569
1997-07-19,116.532
1997-07-20,116.514
1997-07-21,116.6
1997-07-22,116.668
1997-07-23,116.723
1997-07-24,116.73
1997-07-25,116.772
1997-07-26,116.743
1997-07-27,116.82
1997-07-28,116.881
1997-07-29,116.674
1997-07-30,116.765
1997-07-31,116.763
1997-08-01,119.941
1997-08-02,119.785
1997-08-03,119.71
1997-08-04,119.686
1997-08-05,119.656
1997-08-06,119.68
1997-08-07,119.7
1997-08-08,119.704
1997-08-09,119.501
1997-08-10,118.78
1997-08-11,118.98
1997-08-12,119.129
1997-08-13,119.26
1997-08-14,119.364
1997-08-15,119.436
1997-08-16,119.504
1997-08-17,119.559
1997-08-18,119.603
1997-08-19,119.627
1997-08-20,119.657
1997-08-21,119.681
1997-08-22,119.69
1997-08-23,119.707
1997-08-24,119.721
1997-08-25,119.733
1997-08-26,119.731
1997-08-27,119.74
1997-08-28,119.737
1997-08-29,119.724
1997-08-30,119.725
1997-08-31,119.725
1997-09-01,119.021
1997-09-02,119.186
1997-09-03,119.282
1997-09-04,118.215
1997-09-05,118.511
1997-09-06,118.379
1997-09-07,118.666
1997-09-08,118.896
1997-09-09,119.08
1997-09-10,119.227
1997-09-11,119.355
1997-09-12,119.446
1997-09-13,119.445
1997-09-14,119.519
1997-09-15,119.577
1997-09-16,119.635
1997-09-17,119.67
1997-09-18,119.698
1997-09-19,119.685
1997-09-20,119.564
1997-09-21,119.225
1997-09-22,118.418
1997-09-23,118.624
1997-09-24,118.863
1997-09-25,118.869
1997-09-26,117.887
1997-09-27,118.062
1997-09-28,118.424
1997-09-29,118.601
1997-09-30,118.706
1997-10-01,118.545
1997-10-02,128.026
1997-10-03,126.559
1997-10-04,125.387
1997-10-05,124.482
1997-10-06,123.735
1997-10-07,123.128
1997-10-08,122.281
1997-10-09,115.809
1997-10-10,112.318
1997-10-11,33.614
1997-10-12,9.868
1997-10-13,9.868
1997-10-14,9.868
1997-10-15,9.868
1997-10-16,9.868
1997-10-17,9.868
1997-10-18,11.517
1997-10-19,16.995
1997-10-20,27.835
1997-10-21,34.261
1997-10-22,46.985
1997-10-23,56.604
1997-10-24,62.741
1997-10-25,63.175
1997-10-26,69.192
1997-10-27,76.444
1997-10-28,83.163
1997-10-29,88.064
1997-10-30,92.363
1997-10-31,96.179
1997-11-01,98.763
1997-11-02,101.445
1997-11-03,104.816
1997-11-04,107.424
1997-11-05,109.423
1997-11-06,110.415
1997-11-07,110.099
1997-11-08,111.164
1997-11-09,112.003
1997-11-10,112.767
1997-11-11,113.578
1997-11-12,114.686
1997-11-13,115.185
1997-11-14,115.12
1997-11-15,115.079
1997-11-16,114.915
1997-11-17,114.138
1997-11-18,113.723
1997-11-19,113.595
1997-11-20,113.741
1997-11-21,106.688
1997-11-22,99.468
1997-11-23,99.357
1997-11-24,100.78
1997-11-25,102.684
1997-11-26,104.665
1997-11-27,106.937
1997-11-28,108.737
1997-11-29,110.656
1997-11-30,112.27
1997-12-01,113.714
1997-12-02,115.037
1997-12-03,116.134
1997-12-04,116.726
1997-12-05,117.135
1997-12-06,117.437
1997-12-07,117.866
1997-12-08,118.209
1997-12-09,118.766
1997-12-10,119.21
1997-12-11,118.817
1997-12-12,117.951
1997-12-13,208.56
1997-12-14,209.04
1997-12-15,209.421
1997-12-16,195.021
1997-12-17,174.176
1997-12-18,131.075
1997-12-19,79.373
1997-12-20,59.867
1997-12-21,60.411
1997-12-22,68.303
1997-12-23,78.781
1997-12-24,86.491
1997-12-25,93.162
1997-12-26,98.324
1997-12-27,102.889
1997-12-28,106.119
1997-12-29,106.578
1997-12-30,109.481
1997-12-31,111.138
1998-01-01,113.069
1998-01-02,114.783
1998-01-03,116.151
1998-01-04,117.242
1998-01-05,118.113
1998-01-06,118.808
1998-01-07,119.362
1998-01-08,119.804
1998-01-09,120.168
1998-01-10,120.447
1998-01-11,120.519
1998-01-12,120.355
1998-01-13,120.558
1998-01-14,120.758
1998-01-15,120.918
1998-01-16,121.045
1998-01-17,120.86
1998-01-18,120.999
1998-01-19,121.11
1998-01-20,121.199
1998-01-21,121.269
1998-01-22,121.326
1998-01-23,121.371
1998-01-24,121.407
1998-01-25,121.446
1998-01-26,121.467
1998-01-27,121.484
1998-01-28,121.48
1998-01-29,121.401
1998-01-30,118.731
1998-01-31,119.204
1998-02-01,106.425
1998-02-02,97.485
1998-02-03,93.819
1998-02-04,98.07
1998-02-05,62.353
1998-02-06,8.891
1998-02-07,8.891
1998-02-08,8.891
1998-02-09,8.891
1998-02-10,8.891
1998-02-11,8.891
1998-02-12,8.891
1998-02-13,8.891
1998-02-14,8.891
1998-02-15,8.891
1998-02-16,8.891
1998-02-17,8.891
1998-02-18,8.891
1998-02-19,8.891
1998-02-20,8.891
1998-02-21,8.891
1998-02-22,8.891
1998-02-23,8.891
1998-02-24,8.891
1998-02-25,8.891
1998-02-26,8.891
1998-02-27,8.891
1998-02-28,8.891
1998-03-01,9.642
1998-03-02,9.642
1998-03-03,9.642
1998-03-04,9.642
1998-03-05,9.642
1998-03-06,10.111
1998-03-07,32.336
1998-03-08,50.108
1998-03-09,64.297
1998-03-10,75.646
1998-03-11,84.714
1998-03-12,91.948
1998-03-13,97.739
1998-03-14,102.354
1998-03-15,106.052
1998-03-16,108.665
1998-03-17,111.08
1998-03-18,113.021
1998-03-19,114.571
1998-03-20,113.674
1998-03-21,115.092
1998-03-22,116.213
1998-03-23,116.648
1998-03-24,113.217
1998-03-25,111.22
1998-03-26,110.96
1998-03-27,112.913
1998-03-28,114.472
1998-03-29,115.718
1998-03-30,116.703
1998-03-31,117.501
1998-04-01,118.302
1998-04-02,109.093
1998-04-03,111.085
1998-04-04,111.715
1998-04-05,112.104
1998-04-06,113.534
1998-04-07,114.667
1998-04-08,115.582
1998-04-09,116.303
1998-04-10,116.89
1998-04-11,117.348
1998-04-12,117.724
1998-04-13,118.014
1998-04-14,118.257
1998-04-15,117.591
1998-04-16,115.922
1998-04-17,115.202
1998-04-18,112.866
1998-04-19,113.822
1998-04-20,114.33
1998-04-21,113.14
1998-04-22,111.327
1998-04-23,110.646
1998-04-24,108.276
1998-04-25,106.589
1998-04-26,106.093
1998-04-27,106.293
1998-04-28,106.347
1998-04-29,107.251
1998-04-30,108.055
1998-05-01,111.079
1998-05-02,110.835
1998-05-03,89.371
1998-05-04,55.297
1998-05-05,10.6
1998-05-06,10.6
1998-05-07,10.6
1998-05-08,10.6
1998-05-09,10.6
1998-05-10,10.6
1998-05-11,10.6
1998-05-12,10.6
1998-05-13,10.6
1998-05-14,10.6
1998-05-15,10.6
1998-05-16,10.6
1998-05-17,10.6
1998-05-18,10.6
1998-05-19,10.6
1998-05-20,10.6
1998-05-21,10.6
1998-05-22,10.6
1998-05-23,10.6
1998-05-24,10.6
1998-05-25,10.6
1998-05-26,10.6
1998-05-27,10.6
1998-05-28,10.6
1998-05-29,10.6
1998-05-30,10.6
1998-05-31,10.6
1998-06-01,9.684
1998-06-02,9.684
1998-06-03,9.684
1998-06-04,22.652
1998-06-05,41.789
1998-06-06,57.001
1998-06-07,69.177
1998-06-08,78.996
1998-06-09,86.848
1998-06-10,93.126
1998-06-11,98.146
1998-06-12,102.16
1998-06-13,105.381
1998-06-14,107.944
1998-06-15,109.994
1998-06-16,111.632
1998-06-17,112.941
1998-06-18,113.893
1998-06-19,114.76
1998-06-20,115.442
1998-06-21,115.987
1998-06-22,116.423
1998-06-23,116.475
1998-06-24,116.11
1998-06-25,115.965
1998-06-26,116.405
1998-06-27,111.831
1998-06-28,105.73
1998-06-29,96.575
1998-06-30,77.34
1998-07-01,129.498
1998-07-02,127.073
1998-07-03,124.762
1998-07-04,123.297
1998-07-05,122.146
1998-07-06,119.959
1998-07-07,118.758
1998-07-08,117.862
1998-07-09,117.072
1998-07-10,116.674
1998-07-11,116.419
1998-07-12,115.992
1998-07-13,115.701
1998-07-14,115.567
1998-07-15,115.795
1998-07-16,115.95
1998-07-17,115.804
1998-07-18,116.032
1998-07-19,116.018
1998-07-20,116.043
1998-07-21,115.926
1998-07-22,115.97
1998-07-23,115.526
1998-07-24,115.513
1998-07-25,115.528
1998-07-26,115.466
1998-07-27,115.428
1998-07-28,114.868
1998-07-29,114.678
1998-07-30,114.094
1998-07-31,114.134
1998-08-01,117.382
1998-08-02,117.225
1998-08-03,117.147
1998-08-04,117.16
1998-08-05,117.011
1998-08-06,115.079
1998-08-07,114.913
1998-08-08,115.251
1998-08-09,115.607
1998-08-10,116.003
1998-08-11,116.123
1998-08-12,115.523
1998-08-13,113.526
1998-08-14,111.619
1998-08-15,109.916
1998-08-16,108.556
1998-08-17,107.458
1998-08-18,107.537
1998-08-19,109.963
1998-08-20,111.89
1998-08-21,113.442
1998-08-22,114.179
1998-08-23,114.618
1998-08-24,115.547
1998-08-25,115.956
1998-08-26,116.679
1998-08-27,117.269
1998-08-28,117.617
1998-08-29,117.996
1998-08-30,118.31
1998-08-31,118.561
1998-09-01,123.025
1998-09-02,123.17
1998-09-03,123.296
1998-09-04,123.496
1998-09-05,123.636
1998-09-06,123.688
1998-09-07,123.665
1998-09-08,123.785
1998-09-09,118.707
1998-09-10,118.49
1998-09-11,118.546
1998-09-12,114.794
1998-09-13,179.769
1998-09-14,200.553
1998-09-15,106.395
1998-09-16,59.756
1998-09-17,10.287
1998-09-18,10.287
1998-09-19,10.287
1998-09-20,10.287
1998-09-21,10.287
1998-09-22,10.287
1998-09-23,10.287
1998-09-24,10.287
1998-09-25,10.287
1998-09-26,10.287
1998-09-27,10.287
1998-09-28,10.287
1998-09-29,10.287
1998-09-30,10.287
1998-10-01,9.868
1998-10-02,9.868
1998-10-03,9.868
1998-10-04,9.868
1998-10-05,9.868
1998-10-06,9.868
1998-10-07,9.868
1998-10-08,9.868
1998-10-09,9.868
1998-10-10,9.868
1998-10-11,9.868
1998-10-12,9.868
1998-10-13,37.046
1998-10-14,9.868
1998-10-15,83.206
1998-10-16,117.171
1998-10-17,49.186
1998-10-18,151.917
1998-10-19,71.726
1998-10-20,160.644
1998-10-21,159.894
1998-10-22,94.731
1998-10-23,147.371
1998-10-24,148.857
1998-10-25,145.444
1998-10-26,136.03
1998-10-27,135.256
1998-10-28,136.009
1998-10-29,140.769
1998-10-30,137.247
1998-10-31,120.064
1998-11-01,120.237
1998-11-02,115.89
1998-11-03,116.753
1998-11-04,116.698
1998-11-05,116.707
1998-11-06,117.411
1998-11-07,117.962
1998-11-08,118.413
1998-11-09,118.761
1998-11-10,119.04
1998-11-11,116.734
1998-11-12,117.421
1998-11-13,117.981
1998-11-14,118.303
1998-11-15,110.867
1998-11-16,107.715
1998-11-17,74.183
1998-11-18,51.584
1998-11-19,45.228
1998-11-20,47.898
1998-11-21,58.639
1998-11-22,69.608
1998-11-23,78.548
1998-11-24,84.925
1998-11-25,180.137
1998-11-26,92.351
1998-11-27,93.134
1998-11-28,66.165
1998-11-29,54.766
1998-11-30,49.357
1998-12-01,54.973
1998-12-02,65.918
1998-12-03,67.569
1998-12-04,159.91
1998-12-05,73.81
1998-12-06,149.586
1998-12-07,65.845
1998-12-08,59.8
1998-12-09,36.863
1998-12-10,37.4
1998-12-11,48.777
1998-12-12,63.313
1998-12-13,74.937
1998-12-14,84.209
1998-12-15,91.628
1998-12-16,102.543
1998-12-17,105.186
1998-12-18,132.857
1998-12-19,104.234
1998-12-20,105.629
1998-12-21,99.999
1998-12-22,98.36
1998-12-23,55.028
1998-12-24,9.311
1998-12-25,9.311
1998-12-26,9.311
1998-12-27,9.311
1998-12-28,9.311
1998-12-29,9.311
1998-12-30,9.311
1998-12-31,9.311
1999-01-01,9.258
1999-01-02,9.258
1999-01-03,9.258
1999-01-04,9.258
1999-01-05,9.258
1999-01-06,9.258
1999-01-07,9.258
1999-01-08,9.258
1999-01-09,9.258
1999-01-10,9.258
1999-01-11,9.258
1999-01-12,15.199
1999-01-13,30.405
1999-01-14,46.524
1999-01-15,61.516
1999-01-16,73.505
1999-01-17,79.777
1999-01-18,81.482
1999-01-19,86.043
1999-01-20,88.383
1999-01-21,83.76
1999-01-22,85.506
1999-01-23,90.529
1999-01-24,96.669
1999-01-25,101.586
1999-01-26,105.513
1999-01-27,108.648
1999-01-28,111.067
1999-01-29,113.056
1999-01-30,114.648
1999-01-31,115.922
1999-02-01,115.764
1999-02-02,115.487
1999-02-03,115.993
1999-02-04,116.691
1999-02-05,117.197
1999-02-06,117.612
1999-02-07,117.971
1999-02-08,116.791
1999-02-09,109.802
1999-02-10,75.456
1999-02-11,8.891
1999-02-12,8.891
1999-02-13,8.891
1999-02-14,8.891
1999-02-15,8.891
1999-02-16,8.891
1999-02-17,8.891
1999-02-18,8.891
1999-02-19,8.891
1999-02-20,8.891
1999-02-21,8.891
1999-02-22,8.891
1999-02-23,8.891
1999-02-24,8.891
1999-02-25,8.891
1999-02-26,8.891
1999-02-27,8.891
1999-02-28,8.891
1999-03-01,9.642
1999-03-02,9.642
1999-03-03,9.642
1999-03-04,9.642
1999-03-05,9.642
1999-03-06,9.642
1999-03-07,9.642
1999-03-08,9.642
1999-03-09,9.642
1999-03-10,9.642
1999-03-11,9.642
1999-03-12,9.642
1999-03-13,9.642
1999-03-14,9.642
1999-03-15,9.642
1999-03-16,9.642
1999-03-17,9.642
1999-03-18,9.642
1999-03-19,9.642
1999-03-20,9.642
1999-03-21,9.642
1999-03-22,9.642
1999-03-23,9.642
1999-03-24,9.642
1999-03-25,9.642
1999-03-26,9.642
1999-03-27,9.642
1999-03-28,9.642
1999-03-29,9.642
1999-03-30,9.642
1999-03-31,9.642
1999-04-01,10.116
1999-04-02,10.116
1999-04-03,10.116
1999-04-04,10.116
1999-04-05,15.086
1999-04-06,33.272
1999-04-07,49.69
1999-04-08,63.536
1999-04-09,73.007
1999-04-10,80.753
1999-04-11,87.321
1999-04-12,92.57
1999-04-13,96.795
1999-04-14,101.085
1999-04-15,104.513
1999-04-16,107.168
1999-04-17,109.089
1999-04-18,111.284
1999-04-19,112.963
1999-04-20,114.377
1999-04-21,115.507
1999-04-22,116.409
1999-04-23,117.13
1999-04-24,117.716
1999-04-25,118.173
1999-04-26,118.539
1999-04-27,118.84
1999-04-28,119.081
1999-04-29,119.273
1999-04-30,119.426
1999-05-01,120.358
1999-05-02,120.182
1999-05-03,119.685
1999-05-04,119.644
1999-05-05,119.653
1999-05-06,119.637
1999-05-07,119.612
1999-05-08,119.493
1999-05-09,118.873
1999-05-10,118.533
1999-05-11,117.666
1999-05-12,116.887
1999-05-13,116.197
1999-05-14,115.306
1999-05-15,115.028
1999-05-16,114.334
1999-05-17,113.956
1999-05-18,114.044
1999-05-19,114.304
1999-05-20,115.067
1999-05-21,115.971
1999-05-22,115.454
1999-05-23,114.769
1999-05-24,114.504
1999-05-25,114.565
1999-05-26,114.625
1999-05-27,115.324
1999-05-28,115.786
1999-05-29,116.534
1999-05-30,117.122
1999-05-31,117.603
1999-06-01,116.764
1999-06-02,117.011
1999-06-03,117.314
1999-06-04,117.556
1999-06-05,117.707
1999-06-06,117.864
1999-06-07,117.915
1999-06-08,118.019
1999-06-09,117.263
1999-06-10,116.091
1999-06-11,114.371
1999-06-12,112.976
1999-06-13,110.964
1999-06-14,92.233
1999-06-15,87.764
1999-06-16,85.433
1999-06-17,87.311
1999-06-18,91.014
1999-06-19,94.448
1999-06-20,97.371
1999-06-21,99.814
1999-06-22,103.279
1999-06-23,105.849
1999-06-24,108.103
1999-06-25,108.195
1999-06-26,110.25
1999-06-27,105.765
1999-06-28,99.781
1999-06-29,87.504
1999-06-30,57.48
1999-07-01,129.108
1999-07-02,123.607
1999-07-03,118.835
1999-07-04,114.307
1999-07-05,95.51
1999-07-06,33.215
1999-07-07,7.473
1999-07-08,7.473
1999-07-09,7.473
1999-07-10,7.473
1999-07-11,7.473
1999-07-12,7.473
1999-07-13,7.473
1999-07-14,7.473
1999-07-15,7.473
1999-07-16,7.473
1999-07-17,7.473
1999-07-18,7.473
1999-07-19,7.473
1999-07-20,7.473
1999-07-21,7.473
1999-07-22,7.473
1999-07-23,7.473
1999-07-24,7.473
1999-07-25,7.473
1999-07-26,7.473
1999-07-27,7.473
1999-07-28,7.473
1999-07-29,7.473
1999-07-30,7.473
1999-07-31,7.473
1999-08-01,10.678
1999-08-02,10.678
1999-08-03,10.678
1999-08-04,10.678
1999-08-05,10.678
1999-08-06,10.678
1999-08-07,10.678
1999-08-08,10.678
1999-08-09,10.678
1999-08-10,10.678
1999-08-11,10.678
1999-08-12,10.678
1999-08-13,10.678
1999-08-14,10.678
1999-08-15,10.678
1999-08-16,10.678
1999-08-17,10.678
1999-08-18,10.678
1999-08-19,10.678
1999-08-20,10.678
1999-08-21,10.678
1999-08-22,29.171
1999-08-23,46.544
1999-08-24,60.636
1999-08-25,70.792
1999-08-26,80.577
1999-08-27,88.128
1999-08-28,93.75
1999-08-29,98.911
1999-08-30,101.727
1999-08-31,104.759
1999-09-01,195.252
1999-09-02,196.427
1999-09-03,108.968
1999-09-04,196.774
1999-09-05,199.292
1999-09-06,114.13
1999-09-07,154.896
1999-09-08,130.627
1999-09-09,135.973
1999-09-10,132.291
1999-09-11,134.848
1999-09-12,135.643
1999-09-13,147.136
1999-09-14,169.094
1999-09-15,176.925
1999-09-16,187.491
1999-09-17,106.589
1999-09-18,171.601
1999-09-19,152.039
1999-09-20,94.756
1999-09-21,133.465
1999-09-22,133.019
1999-09-23,152.654
1999-09-24,152.318
1999-09-25,156.001
1999-09-26,158.584
1999-09-27,153.599
1999-09-28,148.432
1999-09-29,143.67
1999-09-30,137.657
1999-10-01,110.53
1999-10-02,117.421
1999-10-03,116.707
1999-10-04,137.298
1999-10-05,138.625
1999-10-06,150.862
1999-10-07,184.3
1999-10-08,116.21
1999-10-09,117.038
1999-10-10,106.653
1999-10-11,103.929
1999-10-12,177.203
1999-10-13,167.305
1999-10-14,159.283
1999-10-15,154.469
1999-10-16,134.444
1999-10-17,120.224
1999-10-18,111.764
1999-10-19,110.437
1999-10-20,126.478
1999-10-21,146.677
1999-10-22,154.888
1999-10-23,149.004
1999-10-24,106.391
1999-10-25,136.705
1999-10-26,128.008
1999-10-27,112.092
1999-10-28,114.068
1999-10-29,185.531
1999-10-30,103.972
1999-10-31,105.061
1999-11-01,86.431
1999-11-02,61.946
1999-11-03,37.771
1999-11-04,20.526
1999-11-05,9.558
1999-11-06,9.558
1999-11-07,9.558
1999-11-08,9.558
1999-11-09,9.558
1999-11-10,9.558
1999-11-11,9.558
1999-11-12,9.558
1999-11-13,9.558
1999-11-14,9.558
1999-11-15,9.558
1999-11-16,9.558
1999-11-17,9.558
1999-11-18,13.733
1999-11-19,27.77
1999-11-20,43.19
1999-11-21,56.268
1999-11-22,67.379
1999-11-23,76.541
1999-11-24,82.037
1999-11-25,136.332
1999-11-26,92.156
1999-11-27,96.645
1999-11-28,100.416
1999-11-29,147.52
1999-11-30,138.637
1999-12-01,111.793
1999-12-02,113.549
1999-12-03,115.128
1999-12-04,111.012
1999-12-05,111.843
1999-12-06,112.86
1999-12-07,113.766
1999-12-08,114.679
1999-12-09,115.408
1999-12-10,115.329
1999-12-11,114.699
1999-12-12,114.669
1999-12-13,112.314
1999-12-14,113.708
1999-12-15,115.105
1999-12-16,116.22
1999-12-17,154.621
1999-12-18,160.989
1999-12-19,154.182
1999-12-20,168.806
1999-12-21,205.784
1999-12-22,114.3
1999-12-23,196.391
1999-12-24,94.727
1999-12-25,184.988
1999-12-26,92.722
1999-12-27,186.895
1999-12-28,101.599
1999-12-29,174.847
1999-12-30,157.22
1999-12-31,92.941
